"replicate","prior","correlation","mse","centers"
"1","equal",-1,0.998856552584661,"1"
"1","equal",-0.9,1.0042993082496,"1"
"1","equal",-0.8,1.00647947447073,"1"
"1","equal",-0.7,1.00805980703647,"1"
"1","equal",-0.6,1.00930058315453,"1"
"1","equal",-0.5,1.01030328833481,"1"
"1","equal",-0.4,1.01111949506889,"1"
"1","equal",-0.3,1.01177885450282,"1"
"1","equal",-0.2,1.01229935310106,"1"
"1","equal",-0.1,1.01269182148565,"1"
"1","equal",0,1.01296209600369,"1"
"1","equal",0.1,1.01311202356833,"1"
"1","equal",0.2,1.01313975726641,"1"
"1","equal",0.3,1.01303946075084,"1"
"1","equal",0.4,1.01280030339958,"1"
"1","equal",0.5,1.01240429874818,"1"
"1","equal",0.6,1.01182179565057,"1"
"1","equal",0.7,1.01100122161518,"1"
"1","equal",0.8,1.00984109113212,"1"
"1","equal",0.9,1.00808112699366,"1"
"1","equal",1,1.0030585734114,"1"
"1","equal",-1,0.363916695665497,"2"
"1","equal",-0.9,0.495576065367736,"2"
"1","equal",-0.8,0.628659933326193,"2"
"1","equal",-0.7,0.753939113346943,"2"
"1","equal",-0.6,0.87984293166609,"2"
"1","equal",-0.5,1.00952846629784,"2"
"1","equal",-0.4,1.13559304469701,"2"
"1","equal",-0.3,1.26000095341725,"2"
"1","equal",-0.2,1.38348987803864,"2"
"1","equal",-0.1,1.50575334482671,"2"
"1","equal",0,1.62903063966035,"2"
"1","equal",0.1,1.50797993408865,"2"
"1","equal",0.2,1.37197560848481,"2"
"1","equal",0.3,1.2469053646617,"2"
"1","equal",0.4,1.12808596649516,"2"
"1","equal",0.5,0.998217410853855,"2"
"1","equal",0.6,0.872548167091251,"2"
"1","equal",0.7,0.739775048665032,"2"
"1","equal",0.8,0.609674190072826,"2"
"1","equal",0.9,0.483099517696646,"2"
"1","equal",1,0.358749346276375,"2"
"1","equal",-1,0.188011780847426,"3"
"1","equal",-0.9,0.356660703597458,"3"
"1","equal",-0.8,0.544332848387362,"3"
"1","equal",-0.7,0.742873520474519,"3"
"1","equal",-0.6,0.969922258848004,"3"
"1","equal",-0.5,1.19907947118261,"3"
"1","equal",-0.4,1.44508327496373,"3"
"1","equal",-0.3,1.68973289441176,"3"
"1","equal",-0.2,1.94710489731017,"3"
"1","equal",-0.1,2.18894610012144,"3"
"1","equal",0,1.69312934934202,"3"
"1","equal",0.1,2.17788156723076,"3"
"1","equal",0.2,1.93161947532173,"3"
"1","equal",0.3,1.67962393571751,"3"
"1","equal",0.4,1.44649000524362,"3"
"1","equal",0.5,1.19531047465172,"3"
"1","equal",0.6,0.967685112024399,"3"
"1","equal",0.7,0.756127858398627,"3"
"1","equal",0.8,0.553329052456207,"3"
"1","equal",0.9,0.362596341407332,"3"
"1","equal",1,0.188861948318741,"3"
"1","equal",-1,0.11866272191269,"4"
"1","equal",-0.9,0.307783324763082,"4"
"1","equal",-0.8,0.527254777376601,"4"
"1","equal",-0.7,0.780614293378324,"4"
"1","equal",-0.6,1.05885663107112,"4"
"1","equal",-0.5,1.36952291730097,"4"
"1","equal",-0.4,1.71338119452909,"4"
"1","equal",-0.3,2.093404642714,"4"
"1","equal",-0.2,2.45948461518292,"4"
"1","equal",-0.1,2.83874177295499,"4"
"1","equal",0,2.32815928035188,"4"
"1","equal",0.1,2.7895902593116,"4"
"1","equal",0.2,2.42027057116867,"4"
"1","equal",0.3,2.0639516881513,"4"
"1","equal",0.4,1.69367280981239,"4"
"1","equal",0.5,1.36764121029496,"4"
"1","equal",0.6,1.06290212102255,"4"
"1","equal",0.7,0.775377996478901,"4"
"1","equal",0.8,0.520820398614716,"4"
"1","equal",0.9,0.300373109001763,"4"
"1","equal",1,0.114434320426195,"4"
"1","equal",-1,0.0802399620503949,"5"
"1","equal",-0.9,0.283938516915653,"5"
"1","equal",-0.8,0.521319538522955,"5"
"1","equal",-0.7,0.814249308066039,"5"
"1","equal",-0.6,1.14598958552351,"5"
"1","equal",-0.5,1.52291482336234,"5"
"1","equal",-0.4,1.96717138916793,"5"
"1","equal",-0.3,2.43721969594667,"5"
"1","equal",-0.2,2.9217240450621,"5"
"1","equal",-0.1,3.4284616009522,"5"
"1","equal",0,2.35264313941694,"5"
"1","equal",0.1,3.40718529767614,"5"
"1","equal",0.2,2.88600128037693,"5"
"1","equal",0.3,2.3734433213698,"5"
"1","equal",0.4,1.90448400013641,"5"
"1","equal",0.5,1.48334756728669,"5"
"1","equal",0.6,1.11676217015354,"5"
"1","equal",0.7,0.797138993303643,"5"
"1","equal",0.8,0.514217020583464,"5"
"1","equal",0.9,0.279572673950376,"5"
"1","equal",1,0.0777576270761415,"5"
"1","proportions",-1,0.998856552584661,"1"
"1","proportions",-0.9,1.0042993082496,"1"
"1","proportions",-0.8,1.00647947447073,"1"
"1","proportions",-0.7,1.00805980703647,"1"
"1","proportions",-0.6,1.00930058315453,"1"
"1","proportions",-0.5,1.01030328833481,"1"
"1","proportions",-0.4,1.01111949506889,"1"
"1","proportions",-0.3,1.01177885450282,"1"
"1","proportions",-0.2,1.01229935310106,"1"
"1","proportions",-0.1,1.01269182148565,"1"
"1","proportions",0,1.01296209600369,"1"
"1","proportions",0.1,1.01311202356833,"1"
"1","proportions",0.2,1.01313975726641,"1"
"1","proportions",0.3,1.01303946075084,"1"
"1","proportions",0.4,1.01280030339958,"1"
"1","proportions",0.5,1.01240429874818,"1"
"1","proportions",0.6,1.01182179565057,"1"
"1","proportions",0.7,1.01100122161518,"1"
"1","proportions",0.8,1.00984109113212,"1"
"1","proportions",0.9,1.00808112699366,"1"
"1","proportions",1,1.0030585734114,"1"
"1","proportions",-1,0.363936690164355,"2"
"1","proportions",-0.9,0.494963220838455,"2"
"1","proportions",-0.8,0.628867466148634,"2"
"1","proportions",-0.7,0.753586664392234,"2"
"1","proportions",-0.6,0.87654825959614,"2"
"1","proportions",-0.5,1.00746144852647,"2"
"1","proportions",-0.4,1.13646792758019,"2"
"1","proportions",-0.3,1.25775076158117,"2"
"1","proportions",-0.2,1.38525896204092,"2"
"1","proportions",-0.1,1.51561187664142,"2"
"1","proportions",0,1.62864204910416,"2"
"1","proportions",0.1,1.4960570148281,"2"
"1","proportions",0.2,1.38050315387744,"2"
"1","proportions",0.3,1.25235192373951,"2"
"1","proportions",0.4,1.12793023711066,"2"
"1","proportions",0.5,0.997884823233858,"2"
"1","proportions",0.6,0.872927072495558,"2"
"1","proportions",0.7,0.7388017742909,"2"
"1","proportions",0.8,0.608426559110401,"2"
"1","proportions",0.9,0.483865410038913,"2"
"1","proportions",1,0.358750403912086,"2"
"1","proportions",-1,0.192367181540807,"3"
"1","proportions",-0.9,0.347211220697178,"3"
"1","proportions",-0.8,0.497378039556159,"3"
"1","proportions",-0.7,0.638746089654357,"3"
"1","proportions",-0.6,0.772982718909953,"3"
"1","proportions",-0.5,0.881776844624244,"3"
"1","proportions",-0.4,0.9704536026968,"3"
"1","proportions",-0.3,1.01489752096384,"3"
"1","proportions",-0.2,1.02656715646991,"3"
"1","proportions",-0.1,1.01366337231399,"3"
"1","proportions",0,1.01335430635397,"3"
"1","proportions",0.1,1.01442326358157,"3"
"1","proportions",0.2,1.02264564328382,"3"
"1","proportions",0.3,1.01728481124644,"3"
"1","proportions",0.4,0.972498733677387,"3"
"1","proportions",0.5,0.880392343189047,"3"
"1","proportions",0.6,0.76990214725275,"3"
"1","proportions",0.7,0.648465750547137,"3"
"1","proportions",0.8,0.504965345885402,"3"
"1","proportions",0.9,0.355072633468931,"3"
"1","proportions",1,0.193917744744745,"3"
"1","proportions",-1,0.121569275899683,"4"
"1","proportions",-0.9,0.294383825536985,"4"
"1","proportions",-0.8,0.454932667933024,"4"
"1","proportions",-0.7,0.602020064673794,"4"
"1","proportions",-0.6,0.742327383453622,"4"
"1","proportions",-0.5,0.856376753055842,"4"
"1","proportions",-0.4,0.95316790753538,"4"
"1","proportions",-0.3,1.02180402656979,"4"
"1","proportions",-0.2,1.07378054139852,"4"
"1","proportions",-0.1,1.13423589673715,"4"
"1","proportions",0,1.15997952285576,"4"
"1","proportions",0.1,1.13459728130829,"4"
"1","proportions",0.2,1.07054082568597,"4"
"1","proportions",0.3,1.00937735946066,"4"
"1","proportions",0.4,0.946999055063574,"4"
"1","proportions",0.5,0.845364274667565,"4"
"1","proportions",0.6,0.733933204040565,"4"
"1","proportions",0.7,0.591991175358641,"4"
"1","proportions",0.8,0.441901247341495,"4"
"1","proportions",0.9,0.282366147927675,"4"
"1","proportions",1,0.117482136959153,"4"
"1","proportions",-1,0.0817646361120703,"5"
"1","proportions",-0.9,0.258498496680176,"5"
"1","proportions",-0.8,0.42491515851798,"5"
"1","proportions",-0.7,0.575437909243448,"5"
"1","proportions",-0.6,0.710350156853822,"5"
"1","proportions",-0.5,0.826757425558172,"5"
"1","proportions",-0.4,0.918693281228199,"5"
"1","proportions",-0.3,0.978502336117636,"5"
"1","proportions",-0.2,1.02114925765658,"5"
"1","proportions",-0.1,1.02217855216832,"5"
"1","proportions",0,1.02017551418721,"5"
"1","proportions",0.1,1.01929701034969,"5"
"1","proportions",0.2,1.01250484590085,"5"
"1","proportions",0.3,0.980343674081713,"5"
"1","proportions",0.4,0.918893767322171,"5"
"1","proportions",0.5,0.833965831155193,"5"
"1","proportions",0.6,0.714857014594414,"5"
"1","proportions",0.7,0.578592758775599,"5"
"1","proportions",0.8,0.424419732030505,"5"
"1","proportions",0.9,0.256389361309725,"5"
"1","proportions",1,0.0792195140142374,"5"
"2","equal",-1,1.00881216700683,"1"
"2","equal",-0.9,1.00396777738022,"1"
"2","equal",-0.8,1.00179355122902,"1"
"2","equal",-0.7,1.000110240023,"1"
"2","equal",-0.6,0.998704828086872,"1"
"2","equal",-0.5,0.997494257804465,"1"
"2","equal",-0.4,0.996436321295891,"1"
"2","equal",-0.3,0.995506751515421,"1"
"2","equal",-0.2,0.994690828008262,"1"
"2","equal",-0.1,0.99397968679324,"1"
"2","equal",0,0.993368551296078,"1"
"2","equal",0.1,0.992855909968918,"1"
"2","equal",0.2,0.992443274359617,"1"
"2","equal",0.3,0.992135421042454,"1"
"2","equal",0.4,0.991941213998601,"1"
"2","equal",0.5,0.991875373682853,"1"
"2","equal",0.6,0.991962167140938,"1"
"2","equal",0.7,0.99224380225274,"1"
"2","equal",0.8,0.992803336634444,"1"
"2","equal",0.9,0.993853785961319,"1"
"2","equal",1,0.997574398763604,"1"
"2","equal",-1,0.370369734295729,"2"
"2","equal",-0.9,0.497879855757817,"2"
"2","equal",-0.8,0.618763533380713,"2"
"2","equal",-0.7,0.740240630951651,"2"
"2","equal",-0.6,0.869533495903698,"2"
"2","equal",-0.5,0.996507694505749,"2"
"2","equal",-0.4,1.1315787153979,"2"
"2","equal",-0.3,1.25665216751048,"2"
"2","equal",-0.2,1.39359790683677,"2"
"2","equal",-0.1,1.51800816462071,"2"
"2","equal",0,1.63374311433093,"2"
"2","equal",0.1,1.50616665581484,"2"
"2","equal",0.2,1.38318563951678,"2"
"2","equal",0.3,1.25739903395853,"2"
"2","equal",0.4,1.13831194735549,"2"
"2","equal",0.5,1.00946005340607,"2"
"2","equal",0.6,0.887165724163783,"2"
"2","equal",0.7,0.764685458686808,"2"
"2","equal",0.8,0.625296873000788,"2"
"2","equal",0.9,0.495228587049313,"2"
"2","equal",1,0.360901362552233,"2"
"2","equal",-1,0.191429808249074,"3"
"2","equal",-0.9,0.365570638474298,"3"
"2","equal",-0.8,0.557396520746509,"3"
"2","equal",-0.7,0.76775129506628,"3"
"2","equal",-0.6,0.984868955865851,"3"
"2","equal",-0.5,1.21110420342875,"3"
"2","equal",-0.4,1.45026950171738,"3"
"2","equal",-0.3,1.71516165349451,"3"
"2","equal",-0.2,1.98692532768534,"3"
"2","equal",-0.1,2.25769643062701,"3"
"2","equal",0,2.48289573431503,"3"
"2","equal",0.1,2.21465626940349,"3"
"2","equal",0.2,1.97270835009408,"3"
"2","equal",0.3,1.72436630971478,"3"
"2","equal",0.4,1.45954641598886,"3"
"2","equal",0.5,1.21898420381154,"3"
"2","equal",0.6,0.991071693502,"3"
"2","equal",0.7,0.76643348662314,"3"
"2","equal",0.8,0.558695372978667,"3"
"2","equal",0.9,0.364919201525741,"3"
"2","equal",1,0.19206017248086,"3"
"2","equal",-1,0.118943895882751,"4"
"2","equal",-0.9,0.312913963765472,"4"
"2","equal",-0.8,0.530117496553253,"4"
"2","equal",-0.7,0.790554794419349,"4"
"2","equal",-0.6,1.07977989280501,"4"
"2","equal",-0.5,1.39417602212588,"4"
"2","equal",-0.4,1.72459252476716,"4"
"2","equal",-0.3,2.09430132378531,"4"
"2","equal",-0.2,2.50692336031744,"4"
"2","equal",-0.1,2.91401799804342,"4"
"2","equal",0,3.27332974098256,"4"
"2","equal",0.1,2.88654879808341,"4"
"2","equal",0.2,2.49433516367276,"4"
"2","equal",0.3,2.11519294344282,"4"
"2","equal",0.4,1.76411884692006,"4"
"2","equal",0.5,1.4249540797417,"4"
"2","equal",0.6,1.10667882119248,"4"
"2","equal",0.7,0.819017904064499,"4"
"2","equal",0.8,0.547005771055223,"4"
"2","equal",0.9,0.314151702750161,"4"
"2","equal",1,0.118528606795321,"4"
"2","equal",-1,0.0800721187425979,"5"
"2","equal",-0.9,0.284557730089842,"5"
"2","equal",-0.8,0.54389559740757,"5"
"2","equal",-0.7,0.830419058758487,"5"
"2","equal",-0.6,1.17515590053663,"5"
"2","equal",-0.5,1.57727724510605,"5"
"2","equal",-0.4,2.00098100013622,"5"
"2","equal",-0.3,2.45501635207064,"5"
"2","equal",-0.2,2.98428556765734,"5"
"2","equal",-0.1,3.54031192201873,"5"
"2","equal",0,3.99920124505254,"5"
"2","equal",0.1,3.4621313646104,"5"
"2","equal",0.2,2.99831467505271,"5"
"2","equal",0.3,2.4972724741584,"5"
"2","equal",0.4,2.03420804056586,"5"
"2","equal",0.5,1.58826387333037,"5"
"2","equal",0.6,1.1955117425714,"5"
"2","equal",0.7,0.847947140113446,"5"
"2","equal",0.8,0.538744756568094,"5"
"2","equal",0.9,0.285550370059738,"5"
"2","equal",1,0.0812850055560865,"5"
"2","proportions",-1,1.00881216700683,"1"
"2","proportions",-0.9,1.00396777738022,"1"
"2","proportions",-0.8,1.00179355122902,"1"
"2","proportions",-0.7,1.000110240023,"1"
"2","proportions",-0.6,0.998704828086872,"1"
"2","proportions",-0.5,0.997494257804465,"1"
"2","proportions",-0.4,0.996436321295891,"1"
"2","proportions",-0.3,0.995506751515421,"1"
"2","proportions",-0.2,0.994690828008262,"1"
"2","proportions",-0.1,0.99397968679324,"1"
"2","proportions",0,0.993368551296078,"1"
"2","proportions",0.1,0.992855909968918,"1"
"2","proportions",0.2,0.992443274359617,"1"
"2","proportions",0.3,0.992135421042454,"1"
"2","proportions",0.4,0.991941213998601,"1"
"2","proportions",0.5,0.991875373682853,"1"
"2","proportions",0.6,0.991962167140938,"1"
"2","proportions",0.7,0.99224380225274,"1"
"2","proportions",0.8,0.992803336634444,"1"
"2","proportions",0.9,0.993853785961319,"1"
"2","proportions",1,0.997574398763604,"1"
"2","proportions",-1,0.370402596196297,"2"
"2","proportions",-0.9,0.49816116889214,"2"
"2","proportions",-0.8,0.618620502926464,"2"
"2","proportions",-0.7,0.741358469329345,"2"
"2","proportions",-0.6,0.869584724781919,"2"
"2","proportions",-0.5,0.9936041754849,"2"
"2","proportions",-0.4,1.1284135777858,"2"
"2","proportions",-0.3,1.25827425876704,"2"
"2","proportions",-0.2,1.39625441222054,"2"
"2","proportions",-0.1,1.52379046581233,"2"
"2","proportions",0,1.64393024795949,"2"
"2","proportions",0.1,1.50769282841372,"2"
"2","proportions",0.2,1.386395322464,"2"
"2","proportions",0.3,1.25260448524382,"2"
"2","proportions",0.4,1.14011780062338,"2"
"2","proportions",0.5,1.01209791759363,"2"
"2","proportions",0.6,0.884888077867816,"2"
"2","proportions",0.7,0.762823219167594,"2"
"2","proportions",0.8,0.625469716232998,"2"
"2","proportions",0.9,0.495228587049313,"2"
"2","proportions",1,0.360951799042044,"2"
"2","proportions",-1,0.196740305705384,"3"
"2","proportions",-0.9,0.349303009213385,"3"
"2","proportions",-0.8,0.497753144424507,"3"
"2","proportions",-0.7,0.636143231166766,"3"
"2","proportions",-0.6,0.765264696735439,"3"
"2","proportions",-0.5,0.867294212172838,"3"
"2","proportions",-0.4,0.956742194092944,"3"
"2","proportions",-0.3,1.00245050887518,"3"
"2","proportions",-0.2,0.995993805993128,"3"
"2","proportions",-0.1,0.993967944537236,"3"
"2","proportions",0,0.993599980298259,"3"
"2","proportions",0.1,0.992981870157489,"3"
"2","proportions",0.2,0.99898776467427,"3"
"2","proportions",0.3,1.00873663851337,"3"
"2","proportions",0.4,0.984348218177414,"3"
"2","proportions",0.5,0.90585398187461,"3"
"2","proportions",0.6,0.786213622435416,"3"
"2","proportions",0.7,0.652463295993784,"3"
"2","proportions",0.8,0.504199240100656,"3"
"2","proportions",0.9,0.353309434398136,"3"
"2","proportions",1,0.196792431311747,"3"
"2","proportions",-1,0.12204780930959,"4"
"2","proportions",-0.9,0.287903056784845,"4"
"2","proportions",-0.8,0.445337259103465,"4"
"2","proportions",-0.7,0.594165478093463,"4"
"2","proportions",-0.6,0.728990310610735,"4"
"2","proportions",-0.5,0.837302262307845,"4"
"2","proportions",-0.4,0.921210091710849,"4"
"2","proportions",-0.3,0.989445647051578,"4"
"2","proportions",-0.2,1.06829408305538,"4"
"2","proportions",-0.1,1.12668076158346,"4"
"2","proportions",0,1.1560620651367,"4"
"2","proportions",0.1,1.13071498761262,"4"
"2","proportions",0.2,1.05758317436496,"4"
"2","proportions",0.3,0.998360463317131,"4"
"2","proportions",0.4,0.930571997375405,"4"
"2","proportions",0.5,0.841940119657638,"4"
"2","proportions",0.6,0.731667609165113,"4"
"2","proportions",0.7,0.606252747126475,"4"
"2","proportions",0.8,0.450174427301038,"4"
"2","proportions",0.9,0.28953826678223,"4"
"2","proportions",1,0.121696052749302,"4"
"2","proportions",-1,0.0820040075664964,"5"
"2","proportions",-0.9,0.256539112961074,"5"
"2","proportions",-0.8,0.425934986331196,"5"
"2","proportions",-0.7,0.578952244831034,"5"
"2","proportions",-0.6,0.712614569275959,"5"
"2","proportions",-0.5,0.816537613032794,"5"
"2","proportions",-0.4,0.904016348920382,"5"
"2","proportions",-0.3,0.968660297830096,"5"
"2","proportions",-0.2,0.998293888557486,"5"
"2","proportions",-0.1,0.996746223280562,"5"
"2","proportions",0,0.994278661312511,"5"
"2","proportions",0.1,0.99800453242957,"5"
"2","proportions",0.2,1.0196490217683,"5"
"2","proportions",0.3,0.989606588000732,"5"
"2","proportions",0.4,0.915392168763555,"5"
"2","proportions",0.5,0.828480850578926,"5"
"2","proportions",0.6,0.7202003704599,"5"
"2","proportions",0.7,0.581225974902614,"5"
"2","proportions",0.8,0.4293905795161,"5"
"2","proportions",0.9,0.261271793317471,"5"
"2","proportions",1,0.0827709658115254,"5"
"3","equal",-1,1.00877647719212,"1"
"3","equal",-0.9,1.0138149234535,"1"
"3","equal",-0.8,1.01597865008872,"1"
"3","equal",-0.7,1.01761385371753,"1"
"3","equal",-0.6,1.01894986874136,"1"
"3","equal",-0.5,1.02007611566256,"1"
"3","equal",-0.4,1.02103803582651,"1"
"3","equal",-0.3,1.0218617553312,"1"
"3","equal",-0.2,1.0225631223375,"1"
"3","equal",-0.1,1.02315167987934,"1"
"3","equal",0,1.02363257045528,"1"
"3","equal",0.1,1.02400742140999,"1"
"3","equal",0.2,1.0242746053988,"1"
"3","equal",0.3,1.02442897992314,"1"
"3","equal",0.4,1.0244610019491,"1"
"3","equal",0.5,1.0243548233158,"1"
"3","equal",0.6,1.02408431792524,"1"
"3","equal",0.7,1.02360404443206,"1"
"3","equal",0.8,1.0228245823339,"1"
"3","equal",0.9,1.02151659722932,"1"
"3","equal",1,1.0173338924986,"1"
"3","equal",-1,0.369659606914246,"2"
"3","equal",-0.9,0.498761464223597,"2"
"3","equal",-0.8,0.629746507284031,"2"
"3","equal",-0.7,0.758723829301784,"2"
"3","equal",-0.6,0.882414319896166,"2"
"3","equal",-0.5,1.00781809718662,"2"
"3","equal",-0.4,1.14694623152365,"2"
"3","equal",-0.3,1.28289156626619,"2"
"3","equal",-0.2,1.40907671300321,"2"
"3","equal",-0.1,1.52636078770215,"2"
"3","equal",0,1.66518877475137,"2"
"3","equal",0.1,1.52135289032354,"2"
"3","equal",0.2,1.39202864665881,"2"
"3","equal",0.3,1.26143065898924,"2"
"3","equal",0.4,1.13544233094247,"2"
"3","equal",0.5,1.0021702646281,"2"
"3","equal",0.6,0.872447976669431,"2"
"3","equal",0.7,0.749742112311516,"2"
"3","equal",0.8,0.626505185569976,"2"
"3","equal",0.9,0.50184559612033,"2"
"3","equal",1,0.371394539729905,"2"
"3","equal",-1,0.193129246858319,"3"
"3","equal",-0.9,0.369810227285189,"3"
"3","equal",-0.8,0.562679209406958,"3"
"3","equal",-0.7,0.76147996386531,"3"
"3","equal",-0.6,0.986825067165775,"3"
"3","equal",-0.5,1.22199243649071,"3"
"3","equal",-0.4,1.45841689415216,"3"
"3","equal",-0.3,1.71059068356932,"3"
"3","equal",-0.2,1.98055246401089,"3"
"3","equal",-0.1,2.27123891092496,"3"
"3","equal",0,2.54162242487059,"3"
"3","equal",0.1,2.26345051363539,"3"
"3","equal",0.2,1.98478747460682,"3"
"3","equal",0.3,1.7170652518001,"3"
"3","equal",0.4,1.45471087229742,"3"
"3","equal",0.5,1.21183120057704,"3"
"3","equal",0.6,0.986317871483948,"3"
"3","equal",0.7,0.762534375839321,"3"
"3","equal",0.8,0.554288050122379,"3"
"3","equal",0.9,0.364803038303747,"3"
"3","equal",1,0.195262683708998,"3"
"3","equal",-1,0.119517581077753,"4"
"3","equal",-0.9,0.308645060850505,"4"
"3","equal",-0.8,0.536368923293515,"4"
"3","equal",-0.7,0.798236581446933,"4"
"3","equal",-0.6,1.08177276303998,"4"
"3","equal",-0.5,1.37913146178585,"4"
"3","equal",-0.4,1.71043564515183,"4"
"3","equal",-0.3,2.09109664214708,"4"
"3","equal",-0.2,2.48086106352443,"4"
"3","equal",-0.1,2.87521203865166,"4"
"3","equal",0,2.2071992757568,"4"
"3","equal",0.1,2.89937818417232,"4"
"3","equal",0.2,2.50076628993346,"4"
"3","equal",0.3,2.11752676114583,"4"
"3","equal",0.4,1.74321935186813,"4"
"3","equal",0.5,1.41229021446494,"4"
"3","equal",0.6,1.07751953922573,"4"
"3","equal",0.7,0.787412577287998,"4"
"3","equal",0.8,0.535454753533436,"4"
"3","equal",0.9,0.317636425772038,"4"
"3","equal",1,0.120795492540697,"4"
"3","equal",-1,0.0827803245393329,"5"
"3","equal",-0.9,0.28595080255095,"5"
"3","equal",-0.8,0.524892476741739,"5"
"3","equal",-0.7,0.817134372848784,"5"
"3","equal",-0.6,1.15872882008991,"5"
"3","equal",-0.5,1.53909236469315,"5"
"3","equal",-0.4,1.96431023068777,"5"
"3","equal",-0.3,2.41959522635702,"5"
"3","equal",-0.2,2.92305383741108,"5"
"3","equal",-0.1,3.42888448049768,"5"
"3","equal",0,2.71123801179534,"5"
"3","equal",0.1,3.41348114045073,"5"
"3","equal",0.2,2.89210510328402,"5"
"3","equal",0.3,2.41958012266636,"5"
"3","equal",0.4,1.95418310522552,"5"
"3","equal",0.5,1.54043790614096,"5"
"3","equal",0.6,1.14858635395997,"5"
"3","equal",0.7,0.818973793327243,"5"
"3","equal",0.8,0.530822782383733,"5"
"3","equal",0.9,0.281400417612301,"5"
"3","equal",1,0.080456929059496,"5"
"3","proportions",-1,1.00877647719212,"1"
"3","proportions",-0.9,1.0138149234535,"1"
"3","proportions",-0.8,1.01597865008872,"1"
"3","proportions",-0.7,1.01761385371753,"1"
"3","proportions",-0.6,1.01894986874136,"1"
"3","proportions",-0.5,1.02007611566256,"1"
"3","proportions",-0.4,1.02103803582651,"1"
"3","proportions",-0.3,1.0218617553312,"1"
"3","proportions",-0.2,1.0225631223375,"1"
"3","proportions",-0.1,1.02315167987934,"1"
"3","proportions",0,1.02363257045528,"1"
"3","proportions",0.1,1.02400742140999,"1"
"3","proportions",0.2,1.0242746053988,"1"
"3","proportions",0.3,1.02442897992314,"1"
"3","proportions",0.4,1.0244610019491,"1"
"3","proportions",0.5,1.0243548233158,"1"
"3","proportions",0.6,1.02408431792524,"1"
"3","proportions",0.7,1.02360404443206,"1"
"3","proportions",0.8,1.0228245823339,"1"
"3","proportions",0.9,1.02151659722932,"1"
"3","proportions",1,1.0173338924986,"1"
"3","proportions",-1,0.369660288376546,"2"
"3","proportions",-0.9,0.500198287897051,"2"
"3","proportions",-0.8,0.628760506549289,"2"
"3","proportions",-0.7,0.757527529151327,"2"
"3","proportions",-0.6,0.884572348026763,"2"
"3","proportions",-0.5,1.00616136518502,"2"
"3","proportions",-0.4,1.14525060151462,"2"
"3","proportions",-0.3,1.26883227074317,"2"
"3","proportions",-0.2,1.40161530456284,"2"
"3","proportions",-0.1,1.53592443287276,"2"
"3","proportions",0,1.6242860817411,"2"
"3","proportions",0.1,1.53303314276029,"2"
"3","proportions",0.2,1.40122703477739,"2"
"3","proportions",0.3,1.26285265370965,"2"
"3","proportions",0.4,1.13102273289301,"2"
"3","proportions",0.5,1.00685839859473,"2"
"3","proportions",0.6,0.870672051771855,"2"
"3","proportions",0.7,0.752391305953743,"2"
"3","proportions",0.8,0.626353901667717,"2"
"3","proportions",0.9,0.504740398593388,"2"
"3","proportions",1,0.371677770010002,"2"
"3","proportions",-1,0.198145930602863,"3"
"3","proportions",-0.9,0.350151777209571,"3"
"3","proportions",-0.8,0.506115275416621,"3"
"3","proportions",-0.7,0.651626600560227,"3"
"3","proportions",-0.6,0.788014227466547,"3"
"3","proportions",-0.5,0.900966467435718,"3"
"3","proportions",-0.4,0.981117442138192,"3"
"3","proportions",-0.3,1.02431003979677,"3"
"3","proportions",-0.2,1.03106437468313,"3"
"3","proportions",-0.1,1.02420936521088,"3"
"3","proportions",0,1.02423213773329,"3"
"3","proportions",0.1,1.02498886296667,"3"
"3","proportions",0.2,1.0263321092917,"3"
"3","proportions",0.3,1.01969110166321,"3"
"3","proportions",0.4,0.973137299374455,"3"
"3","proportions",0.5,0.892417259655308,"3"
"3","proportions",0.6,0.782895959738377,"3"
"3","proportions",0.7,0.648360252264944,"3"
"3","proportions",0.8,0.508329961926678,"3"
"3","proportions",0.9,0.356286370641859,"3"
"3","proportions",1,0.201104575047947,"3"
"3","proportions",-1,0.122425924920856,"4"
"3","proportions",-0.9,0.291029915541317,"4"
"3","proportions",-0.8,0.450985517051604,"4"
"3","proportions",-0.7,0.606515953603496,"4"
"3","proportions",-0.6,0.744131777106365,"4"
"3","proportions",-0.5,0.862962394024518,"4"
"3","proportions",-0.4,0.951424407388899,"4"
"3","proportions",-0.3,1.02158175307733,"4"
"3","proportions",-0.2,1.0907428505977,"4"
"3","proportions",-0.1,1.16148255767052,"4"
"3","proportions",0,1.21414838303343,"4"
"3","proportions",0.1,1.17626919650742,"4"
"3","proportions",0.2,1.08968874473594,"4"
"3","proportions",0.3,1.01326994692396,"4"
"3","proportions",0.4,0.936915737527613,"4"
"3","proportions",0.5,0.843831666435431,"4"
"3","proportions",0.6,0.73497157828273,"4"
"3","proportions",0.7,0.605342004219819,"4"
"3","proportions",0.8,0.453217906932131,"4"
"3","proportions",0.9,0.294900590302659,"4"
"3","proportions",1,0.123863626142614,"4"
"3","proportions",-1,0.0846434347953696,"5"
"3","proportions",-0.9,0.263848909855476,"5"
"3","proportions",-0.8,0.431539202303761,"5"
"3","proportions",-0.7,0.596714986943745,"5"
"3","proportions",-0.6,0.73412889379567,"5"
"3","proportions",-0.5,0.842188058092894,"5"
"3","proportions",-0.4,0.931700512047964,"5"
"3","proportions",-0.3,1.00098053947507,"5"
"3","proportions",-0.2,1.03813516065888,"5"
"3","proportions",-0.1,1.03315645576151,"5"
"3","proportions",0,1.02499318265987,"5"
"3","proportions",0.1,1.02624450615219,"5"
"3","proportions",0.2,1.03374335053855,"5"
"3","proportions",0.3,1.00262693569024,"5"
"3","proportions",0.4,0.930796445415863,"5"
"3","proportions",0.5,0.839662742814788,"5"
"3","proportions",0.6,0.719815581936213,"5"
"3","proportions",0.7,0.582372668921868,"5"
"3","proportions",0.8,0.425740451647087,"5"
"3","proportions",0.9,0.254040716839839,"5"
"3","proportions",1,0.0821669298131835,"5"
"4","equal",-1,1.00701286021658,"1"
"4","equal",-0.9,1.00410923003606,"1"
"4","equal",-0.8,1.00241279861333,"1"
"4","equal",-0.7,1.00093831311917,"1"
"4","equal",-0.6,0.999589467742738,"1"
"4","equal",-0.5,0.998328711580508,"1"
"4","equal",-0.4,0.997136962167814,"1"
"4","equal",-0.3,0.996003248211051,"1"
"4","equal",-0.2,0.994920914494199,"1"
"4","equal",-0.1,0.993885953552113,"1"
"4","equal",0,0.992896205863628,"1"
"4","equal",0.1,0.991950988047853,"1"
"4","equal",0.2,0.991050983485679,"1"
"4","equal",0.3,0.990198351698271,"1"
"4","equal",0.4,0.989397100150773,"1"
"4","equal",0.5,0.988653884059208,"1"
"4","equal",0.6,0.987979674717178,"1"
"4","equal",0.7,0.987393554589348,"1"
"4","equal",0.8,0.986933074579249,"1"
"4","equal",0.9,0.986694540497723,"1"
"4","equal",1,0.987663205173981,"1"
"4","equal",-1,0.368307232757569,"2"
"4","equal",-0.9,0.497332427806751,"2"
"4","equal",-0.8,0.617105779367266,"2"
"4","equal",-0.7,0.740362986556223,"2"
"4","equal",-0.6,0.862171469793429,"2"
"4","equal",-0.5,0.983657964758834,"2"
"4","equal",-0.4,1.12307624028244,"2"
"4","equal",-0.3,1.25193150877928,"2"
"4","equal",-0.2,1.38752003737963,"2"
"4","equal",-0.1,1.51343140578024,"2"
"4","equal",0,1.63999629352843,"2"
"4","equal",0.1,1.51619792745863,"2"
"4","equal",0.2,1.39270439521362,"2"
"4","equal",0.3,1.26182717829579,"2"
"4","equal",0.4,1.13791035819931,"2"
"4","equal",0.5,1.01152341155323,"2"
"4","equal",0.6,0.889335228021203,"2"
"4","equal",0.7,0.767881930291276,"2"
"4","equal",0.8,0.624297196797394,"2"
"4","equal",0.9,0.49408255916314,"2"
"4","equal",1,0.358421099025832,"2"
"4","equal",-1,0.18908230668918,"3"
"4","equal",-0.9,0.360387912637009,"3"
"4","equal",-0.8,0.549556606863255,"3"
"4","equal",-0.7,0.762015445472563,"3"
"4","equal",-0.6,0.97802342881659,"3"
"4","equal",-0.5,1.20309340485886,"3"
"4","equal",-0.4,1.44161375719239,"3"
"4","equal",-0.3,1.71092565822791,"3"
"4","equal",-0.2,1.97407720925361,"3"
"4","equal",-0.1,2.25171477802978,"3"
"4","equal",0,2.49281899681536,"3"
"4","equal",0.1,2.22636994414323,"3"
"4","equal",0.2,1.97493076682398,"3"
"4","equal",0.3,1.73139437579856,"3"
"4","equal",0.4,1.47404913281032,"3"
"4","equal",0.5,1.22939414963311,"3"
"4","equal",0.6,0.997868756018331,"3"
"4","equal",0.7,0.771005587635556,"3"
"4","equal",0.8,0.558147488680809,"3"
"4","equal",0.9,0.368104085916252,"3"
"4","equal",1,0.191871480571264,"3"
"4","equal",-1,0.117543077816853,"4"
"4","equal",-0.9,0.307193048870672,"4"
"4","equal",-0.8,0.525128058319037,"4"
"4","equal",-0.7,0.783776460922916,"4"
"4","equal",-0.6,1.06784949303438,"4"
"4","equal",-0.5,1.38584778642202,"4"
"4","equal",-0.4,1.71663520720002,"4"
"4","equal",-0.3,2.08490458360358,"4"
"4","equal",-0.2,2.4971090028513,"4"
"4","equal",-0.1,2.90391988087795,"4"
"4","equal",0,3.30475214164091,"4"
"4","equal",0.1,2.90673821661616,"4"
"4","equal",0.2,2.52129640493993,"4"
"4","equal",0.3,2.12616334153223,"4"
"4","equal",0.4,1.76523923423747,"4"
"4","equal",0.5,1.42756179769621,"4"
"4","equal",0.6,1.11635035508247,"4"
"4","equal",0.7,0.820319835504678,"4"
"4","equal",0.8,0.548928451884665,"4"
"4","equal",0.9,0.313804868265388,"4"
"4","equal",1,0.119461700086819,"4"
"4","equal",-1,0.0793334912090299,"5"
"4","equal",-0.9,0.280815544794152,"5"
"4","equal",-0.8,0.532896053621668,"5"
"4","equal",-0.7,0.818633780279607,"5"
"4","equal",-0.6,1.16630893174087,"5"
"4","equal",-0.5,1.55484985770834,"5"
"4","equal",-0.4,1.98681101255022,"5"
"4","equal",-0.3,2.44041811667058,"5"
"4","equal",-0.2,2.95796736126642,"5"
"4","equal",-0.1,3.49919206223933,"5"
"4","equal",0,2.4809279743195,"5"
"4","equal",0.1,3.45223053747858,"5"
"4","equal",0.2,2.96273421554353,"5"
"4","equal",0.3,2.50171131946923,"5"
"4","equal",0.4,2.04001361798433,"5"
"4","equal",0.5,1.59606965271835,"5"
"4","equal",0.6,1.19835730270852,"5"
"4","equal",0.7,0.850700520447722,"5"
"4","equal",0.8,0.538845660511538,"5"
"4","equal",0.9,0.286633162896419,"5"
"4","equal",1,0.0821012745429291,"5"
"4","proportions",-1,1.00701286021658,"1"
"4","proportions",-0.9,1.00410923003606,"1"
"4","proportions",-0.8,1.00241279861333,"1"
"4","proportions",-0.7,1.00093831311917,"1"
"4","proportions",-0.6,0.999589467742738,"1"
"4","proportions",-0.5,0.998328711580508,"1"
"4","proportions",-0.4,0.997136962167814,"1"
"4","proportions",-0.3,0.996003248211051,"1"
"4","proportions",-0.2,0.994920914494199,"1"
"4","proportions",-0.1,0.993885953552113,"1"
"4","proportions",0,0.992896205863628,"1"
"4","proportions",0.1,0.991950988047853,"1"
"4","proportions",0.2,0.991050983485679,"1"
"4","proportions",0.3,0.990198351698271,"1"
"4","proportions",0.4,0.989397100150773,"1"
"4","proportions",0.5,0.988653884059208,"1"
"4","proportions",0.6,0.987979674717178,"1"
"4","proportions",0.7,0.987393554589348,"1"
"4","proportions",0.8,0.986933074579249,"1"
"4","proportions",0.9,0.986694540497723,"1"
"4","proportions",1,0.987663205173981,"1"
"4","proportions",-1,0.368359809628279,"2"
"4","proportions",-0.9,0.49653418385652,"2"
"4","proportions",-0.8,0.617831471269796,"2"
"4","proportions",-0.7,0.740522098010108,"2"
"4","proportions",-0.6,0.859989949681306,"2"
"4","proportions",-0.5,0.983657964758834,"2"
"4","proportions",-0.4,1.12321192350449,"2"
"4","proportions",-0.3,1.25337986835747,"2"
"4","proportions",-0.2,1.39004426857624,"2"
"4","proportions",-0.1,1.50995009292824,"2"
"4","proportions",0,1.63438170770631,"2"
"4","proportions",0.1,1.50635012079187,"2"
"4","proportions",0.2,1.38509345111012,"2"
"4","proportions",0.3,1.26084064940839,"2"
"4","proportions",0.4,1.13600568723549,"2"
"4","proportions",0.5,1.01082851488466,"2"
"4","proportions",0.6,0.888225060697478,"2"
"4","proportions",0.7,0.76652488242274,"2"
"4","proportions",0.8,0.624002143335788,"2"
"4","proportions",0.9,0.493734486674664,"2"
"4","proportions",1,0.358443426050976,"2"
"4","proportions",-1,0.194260601747658,"3"
"4","proportions",-0.9,0.346441154951883,"3"
"4","proportions",-0.8,0.495099980498564,"3"
"4","proportions",-0.7,0.630656309786992,"3"
"4","proportions",-0.6,0.759686493840532,"3"
"4","proportions",-0.5,0.861488801181995,"3"
"4","proportions",-0.4,0.946369549995978,"3"
"4","proportions",-0.3,0.997135761120245,"3"
"4","proportions",-0.2,0.997702432436265,"3"
"4","proportions",-0.1,0.994314495109547,"3"
"4","proportions",0,0.992950403276143,"3"
"4","proportions",0.1,0.991834432121634,"3"
"4","proportions",0.2,0.993853432908491,"3"
"4","proportions",0.3,1.00417041839861,"3"
"4","proportions",0.4,0.977372420007795,"3"
"4","proportions",0.5,0.901745710700815,"3"
"4","proportions",0.6,0.786756337282838,"3"
"4","proportions",0.7,0.653353585156569,"3"
"4","proportions",0.8,0.508448988048567,"3"
"4","proportions",0.9,0.356016632607755,"3"
"4","proportions",1,0.197201362336938,"3"
"4","proportions",-1,0.120859542189028,"4"
"4","proportions",-0.9,0.285632064478073,"4"
"4","proportions",-0.8,0.439561534719308,"4"
"4","proportions",-0.7,0.588517408602988,"4"
"4","proportions",-0.6,0.718968022155455,"4"
"4","proportions",-0.5,0.82198840951983,"4"
"4","proportions",-0.4,0.91480783988334,"4"
"4","proportions",-0.3,0.986919894828793,"4"
"4","proportions",-0.2,1.0591646188476,"4"
"4","proportions",-0.1,1.12303853396908,"4"
"4","proportions",0,1.21069648084241,"4"
"4","proportions",0.1,1.13321407148248,"4"
"4","proportions",0.2,1.05860445523471,"4"
"4","proportions",0.3,0.995220193316644,"4"
"4","proportions",0.4,0.921674178951171,"4"
"4","proportions",0.5,0.83839008571274,"4"
"4","proportions",0.6,0.731784424976015,"4"
"4","proportions",0.7,0.605933467024844,"4"
"4","proportions",0.8,0.452654458237974,"4"
"4","proportions",0.9,0.290104328258564,"4"
"4","proportions",1,0.122741837827529,"4"
"4","proportions",-1,0.0812928170429303,"5"
"4","proportions",-0.9,0.255315590302455,"5"
"4","proportions",-0.8,0.42404452398021,"5"
"4","proportions",-0.7,0.571188604620012,"5"
"4","proportions",-0.6,0.709040726174406,"5"
"4","proportions",-0.5,0.814181696673786,"5"
"4","proportions",-0.4,0.89924364220772,"5"
"4","proportions",-0.3,0.961075457057862,"5"
"4","proportions",-0.2,0.995057352232481,"5"
"4","proportions",-0.1,0.999372566780508,"5"
"4","proportions",0,0.992998024596927,"5"
"4","proportions",0.1,0.993570969658434,"5"
"4","proportions",0.2,1.02147530566567,"5"
"4","proportions",0.3,0.988434529915713,"5"
"4","proportions",0.4,0.914797810496676,"5"
"4","proportions",0.5,0.823607013104611,"5"
"4","proportions",0.6,0.713661579222883,"5"
"4","proportions",0.7,0.580922423534792,"5"
"4","proportions",0.8,0.426421954609434,"5"
"4","proportions",0.9,0.26212758169915,"5"
"4","proportions",1,0.0837004733989874,"5"
"5","equal",-1,1.00866028928045,"1"
"5","equal",-0.9,1.01385263652491,"1"
"5","equal",-0.8,1.01607031583048,"1"
"5","equal",-0.7,1.01774109643055,"1"
"5","equal",-0.6,1.0191022862299,"1"
"5","equal",-0.5,1.0202464147048,"1"
"5","equal",-0.4,1.02122050310628,"1"
"5","equal",-0.3,1.02205158588505,"1"
"5","equal",-0.2,1.02275606221118,"1"
"5","equal",-0.1,1.02334380691101,"1"
"5","equal",0,1.02382014127759,"1"
"5","equal",0.1,1.02418674923514,"1"
"5","equal",0.2,1.02444194685944,"1"
"5","equal",0.3,1.02458041285743,"1"
"5","equal",0.4,1.02459227240279,"1"
"5","equal",0.5,1.02446112632544,"1"
"5","equal",0.6,1.02415994017467,"1"
"5","equal",0.7,1.02364169269945,"1"
"5","equal",0.8,1.0228138544235,"1"
"5","equal",0.9,1.02143911744206,"1"
"5","equal",1,1.01708971252172,"1"
"5","equal",-1,0.369926515424357,"2"
"5","equal",-0.9,0.499448223811545,"2"
"5","equal",-0.8,0.630632469325887,"2"
"5","equal",-0.7,0.759457354579755,"2"
"5","equal",-0.6,0.882817386673764,"2"
"5","equal",-0.5,1.00774388233133,"2"
"5","equal",-0.4,1.14606956055701,"2"
"5","equal",-0.3,1.28232485307564,"2"
"5","equal",-0.2,1.40847509937538,"2"
"5","equal",-0.1,1.52595539955661,"2"
"5","equal",0,1.66525875402977,"2"
"5","equal",0.1,1.52169662441247,"2"
"5","equal",0.2,1.3912394286079,"2"
"5","equal",0.3,1.26106933924782,"2"
"5","equal",0.4,1.13483077413476,"2"
"5","equal",0.5,1.00188359178148,"2"
"5","equal",0.6,0.872009883226263,"2"
"5","equal",0.7,0.749482420692903,"2"
"5","equal",0.8,0.625976129450071,"2"
"5","equal",0.9,0.501434608701954,"2"
"5","equal",1,0.371060910352426,"2"
"5","equal",-1,0.193083930973794,"3"
"5","equal",-0.9,0.368999085658819,"3"
"5","equal",-0.8,0.563096389601547,"3"
"5","equal",-0.7,0.762296804059887,"3"
"5","equal",-0.6,0.986884350552787,"3"
"5","equal",-0.5,1.22354124724715,"3"
"5","equal",-0.4,1.45840135629251,"3"
"5","equal",-0.3,1.71058685480356,"3"
"5","equal",-0.2,1.97957196941463,"3"
"5","equal",-0.1,2.26887977902328,"3"
"5","equal",0,2.5411151062657,"3"
"5","equal",0.1,2.26405354199696,"3"
"5","equal",0.2,1.98424530292655,"3"
"5","equal",0.3,1.71737918653457,"3"
"5","equal",0.4,1.45642233203249,"3"
"5","equal",0.5,1.21167916924175,"3"
"5","equal",0.6,0.986279561007077,"3"
"5","equal",0.7,0.762152701212463,"3"
"5","equal",0.8,0.554623941988935,"3"
"5","equal",0.9,0.365659835843804,"3"
"5","equal",1,0.19535073527265,"3"
"5","equal",-1,0.119587924354696,"4"
"5","equal",-0.9,0.308825358332101,"4"
"5","equal",-0.8,0.537683291273152,"4"
"5","equal",-0.7,0.798232558354263,"4"
"5","equal",-0.6,1.0805241137003,"4"
"5","equal",-0.5,1.38108886389677,"4"
"5","equal",-0.4,1.71077007395017,"4"
"5","equal",-0.3,2.09132279193484,"4"
"5","equal",-0.2,2.47967598458262,"4"
"5","equal",-0.1,2.8729589670501,"4"
"5","equal",0,2.20302729533428,"4"
"5","equal",0.1,2.9016743760519,"4"
"5","equal",0.2,2.49945352572707,"4"
"5","equal",0.3,2.11669587442407,"4"
"5","equal",0.4,1.74166701898322,"4"
"5","equal",0.5,1.41132127938726,"4"
"5","equal",0.6,1.07730769018734,"4"
"5","equal",0.7,0.7872038695618,"4"
"5","equal",0.8,0.535301703605131,"4"
"5","equal",0.9,0.317491863914734,"4"
"5","equal",1,0.120541325523701,"4"
"5","equal",-1,0.0828401998343572,"5"
"5","equal",-0.9,0.285994802061369,"5"
"5","equal",-0.8,0.524785943570767,"5"
"5","equal",-0.7,0.816311908136655,"5"
"5","equal",-0.6,1.15539390034396,"5"
"5","equal",-0.5,1.54097307364634,"5"
"5","equal",-0.4,1.96224941515691,"5"
"5","equal",-0.3,2.41457588725227,"5"
"5","equal",-0.2,2.91752372359311,"5"
"5","equal",-0.1,3.42895977588572,"5"
"5","equal",0,2.72116023846807,"5"
"5","equal",0.1,3.42347875076013,"5"
"5","equal",0.2,2.90133665418336,"5"
"5","equal",0.3,2.41939529975963,"5"
"5","equal",0.4,1.95371597636886,"5"
"5","equal",0.5,1.53962531444104,"5"
"5","equal",0.6,1.14740672734035,"5"
"5","equal",0.7,0.81917958552465,"5"
"5","equal",0.8,0.530614373409037,"5"
"5","equal",0.9,0.280880310575027,"5"
"5","equal",1,0.0805332507956401,"5"
"5","proportions",-1,1.00866028928045,"1"
"5","proportions",-0.9,1.01385263652491,"1"
"5","proportions",-0.8,1.01607031583048,"1"
"5","proportions",-0.7,1.01774109643055,"1"
"5","proportions",-0.6,1.0191022862299,"1"
"5","proportions",-0.5,1.0202464147048,"1"
"5","proportions",-0.4,1.02122050310628,"1"
"5","proportions",-0.3,1.02205158588505,"1"
"5","proportions",-0.2,1.02275606221118,"1"
"5","proportions",-0.1,1.02334380691101,"1"
"5","proportions",0,1.02382014127759,"1"
"5","proportions",0.1,1.02418674923514,"1"
"5","proportions",0.2,1.02444194685944,"1"
"5","proportions",0.3,1.02458041285743,"1"
"5","proportions",0.4,1.02459227240279,"1"
"5","proportions",0.5,1.02446112632544,"1"
"5","proportions",0.6,1.02415994017467,"1"
"5","proportions",0.7,1.02364169269945,"1"
"5","proportions",0.8,1.0228138544235,"1"
"5","proportions",0.9,1.02143911744206,"1"
"5","proportions",1,1.01708971252172,"1"
"5","proportions",-1,0.369926515424357,"2"
"5","proportions",-0.9,0.500552392202355,"2"
"5","proportions",-0.8,0.629592094451386,"2"
"5","proportions",-0.7,0.758889354256311,"2"
"5","proportions",-0.6,0.884486185888193,"2"
"5","proportions",-0.5,1.00633254233973,"2"
"5","proportions",-0.4,1.1458966544059,"2"
"5","proportions",-0.3,1.2670539171289,"2"
"5","proportions",-0.2,1.40177581414805,"2"
"5","proportions",-0.1,1.53390924015357,"2"
"5","proportions",0,1.62628818430791,"2"
"5","proportions",0.1,1.53875425385421,"2"
"5","proportions",0.2,1.40077881408475,"2"
"5","proportions",0.3,1.26343858073008,"2"
"5","proportions",0.4,1.1313243611813,"2"
"5","proportions",0.5,1.0071332874311,"2"
"5","proportions",0.6,0.872485812607437,"2"
"5","proportions",0.7,0.751878390552249,"2"
"5","proportions",0.8,0.625894288849991,"2"
"5","proportions",0.9,0.504250488430279,"2"
"5","proportions",1,0.371302809238703,"2"
"5","proportions",-1,0.198069961646875,"3"
"5","proportions",-0.9,0.34989842587964,"3"
"5","proportions",-0.8,0.506083084267875,"3"
"5","proportions",-0.7,0.651654831446308,"3"
"5","proportions",-0.6,0.788176913984362,"3"
"5","proportions",-0.5,0.899863682715555,"3"
"5","proportions",-0.4,0.980286067934586,"3"
"5","proportions",-0.3,1.02391773099054,"3"
"5","proportions",-0.2,1.03092540110718,"3"
"5","proportions",-0.1,1.02444076020797,"3"
"5","proportions",0,1.02443788332733,"3"
"5","proportions",0.1,1.02520773510303,"3"
"5","proportions",0.2,1.02667299523089,"3"
"5","proportions",0.3,1.02022930155384,"3"
"5","proportions",0.4,0.973998851884248,"3"
"5","proportions",0.5,0.891631582366984,"3"
"5","proportions",0.6,0.782411493879843,"3"
"5","proportions",0.7,0.648079048340444,"3"
"5","proportions",0.8,0.509309924543092,"3"
"5","proportions",0.9,0.356572237323744,"3"
"5","proportions",1,0.201213423496181,"3"
"5","proportions",-1,0.122473744824757,"4"
"5","proportions",-0.9,0.291250639437841,"4"
"5","proportions",-0.8,0.451845485926702,"4"
"5","proportions",-0.7,0.606810344949423,"4"
"5","proportions",-0.6,0.743040453538843,"4"
"5","proportions",-0.5,0.862055818852165,"4"
"5","proportions",-0.4,0.951957158990814,"4"
"5","proportions",-0.3,1.02289573364721,"4"
"5","proportions",-0.2,1.09186572416123,"4"
"5","proportions",-0.1,1.16257883370461,"4"
"5","proportions",0,1.21284944564059,"4"
"5","proportions",0.1,1.18214358560833,"4"
"5","proportions",0.2,1.09296963572685,"4"
"5","proportions",0.3,1.01422141887746,"4"
"5","proportions",0.4,0.936417194380412,"4"
"5","proportions",0.5,0.846608764548456,"4"
"5","proportions",0.6,0.736546904906816,"4"
"5","proportions",0.7,0.605957450817626,"4"
"5","proportions",0.8,0.452157756165383,"4"
"5","proportions",0.9,0.294739669209212,"4"
"5","proportions",1,0.123635118629784,"4"
"5","proportions",-1,0.0847218640221924,"5"
"5","proportions",-0.9,0.264773497261664,"5"
"5","proportions",-0.8,0.431217877940926,"5"
"5","proportions",-0.7,0.595696064045701,"5"
"5","proportions",-0.6,0.736651254362866,"5"
"5","proportions",-0.5,0.842811004714615,"5"
"5","proportions",-0.4,0.931695964467369,"5"
"5","proportions",-0.3,1.00439150165036,"5"
"5","proportions",-0.2,1.04144872617547,"5"
"5","proportions",-0.1,1.03640006461226,"5"
"5","proportions",0,1.02580987710319,"5"
"5","proportions",0.1,1.02705939506335,"5"
"5","proportions",0.2,1.02876847417519,"5"
"5","proportions",0.3,1.00326448256488,"5"
"5","proportions",0.4,0.930370412320176,"5"
"5","proportions",0.5,0.839830232690185,"5"
"5","proportions",0.6,0.719687677921515,"5"
"5","proportions",0.7,0.581910285544782,"5"
"5","proportions",0.8,0.424776082982937,"5"
"5","proportions",0.9,0.2543058496803,"5"
"5","proportions",1,0.0823375561300144,"5"
"6","equal",-1,1.00461988845663,"1"
"6","equal",-0.9,0.999468959489448,"1"
"6","equal",-0.8,0.99724862399774,"1"
"6","equal",-0.7,0.995567084032442,"1"
"6","equal",-0.6,0.994190547784972,"1"
"6","equal",-0.5,0.993027856751247,"1"
"6","equal",-0.4,0.992032686375285,"1"
"6","equal",-0.3,0.991178402764989,"1"
"6","equal",-0.2,0.990448849730233,"1"
"6","equal",-0.1,0.989834298756029,"1"
"6","equal",0,0.989329507392789,"1"
"6","equal",0.1,0.988932816666322,"1"
"6","equal",0.2,0.988645885550817,"1"
"6","equal",0.3,0.988473956495866,"1"
"6","equal",0.4,0.988426758016454,"1"
"6","equal",0.5,0.988520446302709,"1"
"6","equal",0.6,0.988781655246726,"1"
"6","equal",0.7,0.989256709404487,"1"
"6","equal",0.8,0.990036767280078,"1"
"6","equal",0.9,0.991355620682078,"1"
"6","equal",1,0.995605067559551,"1"
"6","equal",-1,0.368748941132814,"2"
"6","equal",-0.9,0.49569981563217,"2"
"6","equal",-0.8,0.616096766711885,"2"
"6","equal",-0.7,0.738147744669109,"2"
"6","equal",-0.6,0.867231386500029,"2"
"6","equal",-0.5,0.993308583944281,"2"
"6","equal",-0.4,1.12797544724067,"2"
"6","equal",-0.3,1.25520522145423,"2"
"6","equal",-0.2,1.39277673878628,"2"
"6","equal",-0.1,1.51747119815497,"2"
"6","equal",0,1.62739890107099,"2"
"6","equal",0.1,1.50241523111621,"2"
"6","equal",0.2,1.37912948254285,"2"
"6","equal",0.3,1.25304052236522,"2"
"6","equal",0.4,1.13370025328785,"2"
"6","equal",0.5,1.00614182574838,"2"
"6","equal",0.6,0.884177220053115,"2"
"6","equal",0.7,0.762466164582686,"2"
"6","equal",0.8,0.623205596331865,"2"
"6","equal",0.9,0.494137991739802,"2"
"6","equal",1,0.360388611912599,"2"
"6","equal",-1,0.190537952423172,"3"
"6","equal",-0.9,0.364365558951442,"3"
"6","equal",-0.8,0.556398569533908,"3"
"6","equal",-0.7,0.764687228332432,"3"
"6","equal",-0.6,0.985291278505666,"3"
"6","equal",-0.5,1.21016835962114,"3"
"6","equal",-0.4,1.44822342917101,"3"
"6","equal",-0.3,1.71134984948807,"3"
"6","equal",-0.2,1.98194533667302,"3"
"6","equal",-0.1,2.25229502061998,"3"
"6","equal",0,2.47151388938309,"3"
"6","equal",0.1,2.20676038525177,"3"
"6","equal",0.2,1.96109378619486,"3"
"6","equal",0.3,1.71645929970615,"3"
"6","equal",0.4,1.45031944150252,"3"
"6","equal",0.5,1.21151546512396,"3"
"6","equal",0.6,0.986388785852731,"3"
"6","equal",0.7,0.763583139000056,"3"
"6","equal",0.8,0.557281563993203,"3"
"6","equal",0.9,0.363820632500339,"3"
"6","equal",1,0.191293259733517,"3"
"6","equal",-1,0.118555038300531,"4"
"6","equal",-0.9,0.312995831347033,"4"
"6","equal",-0.8,0.529381606977297,"4"
"6","equal",-0.7,0.789821089967895,"4"
"6","equal",-0.6,1.07169106739222,"4"
"6","equal",-0.5,1.38397064679497,"4"
"6","equal",-0.4,1.70803500648916,"4"
"6","equal",-0.3,2.0872907496786,"4"
"6","equal",-0.2,2.49598620312956,"4"
"6","equal",-0.1,2.90179586435949,"4"
"6","equal",0,3.25655716610913,"4"
"6","equal",0.1,2.87267764471377,"4"
"6","equal",0.2,2.48528949849154,"4"
"6","equal",0.3,2.10596557828605,"4"
"6","equal",0.4,1.75175090391157,"4"
"6","equal",0.5,1.42070787223849,"4"
"6","equal",0.6,1.10463732849217,"4"
"6","equal",0.7,0.815797577150937,"4"
"6","equal",0.8,0.54349194533461,"4"
"6","equal",0.9,0.312590384803732,"4"
"6","equal",1,0.118550289596081,"4"
"6","equal",-1,0.0796741697530874,"5"
"6","equal",-0.9,0.284620658665346,"5"
"6","equal",-0.8,0.542467821475414,"5"
"6","equal",-0.7,0.827633684611094,"5"
"6","equal",-0.6,1.17100051828601,"5"
"6","equal",-0.5,1.57592324581515,"5"
"6","equal",-0.4,2.01598209188589,"5"
"6","equal",-0.3,2.4463836905491,"5"
"6","equal",-0.2,2.96697702293907,"5"
"6","equal",-0.1,3.51573877403429,"5"
"6","equal",0,3.96726320514544,"5"
"6","equal",0.1,3.43878640403348,"5"
"6","equal",0.2,2.95683146862389,"5"
"6","equal",0.3,2.48344974321865,"5"
"6","equal",0.4,2.04340160632368,"5"
"6","equal",0.5,1.58239183417309,"5"
"6","equal",0.6,1.19314222671177,"5"
"6","equal",0.7,0.84395894172796,"5"
"6","equal",0.8,0.537428915488629,"5"
"6","equal",0.9,0.28496751587384,"5"
"6","equal",1,0.0812014008007232,"5"
"6","proportions",-1,1.00461988845663,"1"
"6","proportions",-0.9,0.999468959489448,"1"
"6","proportions",-0.8,0.99724862399774,"1"
"6","proportions",-0.7,0.995567084032442,"1"
"6","proportions",-0.6,0.994190547784972,"1"
"6","proportions",-0.5,0.993027856751247,"1"
"6","proportions",-0.4,0.992032686375285,"1"
"6","proportions",-0.3,0.991178402764989,"1"
"6","proportions",-0.2,0.990448849730233,"1"
"6","proportions",-0.1,0.989834298756029,"1"
"6","proportions",0,0.989329507392789,"1"
"6","proportions",0.1,0.988932816666322,"1"
"6","proportions",0.2,0.988645885550817,"1"
"6","proportions",0.3,0.988473956495866,"1"
"6","proportions",0.4,0.988426758016454,"1"
"6","proportions",0.5,0.988520446302709,"1"
"6","proportions",0.6,0.988781655246726,"1"
"6","proportions",0.7,0.989256709404487,"1"
"6","proportions",0.8,0.990036767280078,"1"
"6","proportions",0.9,0.991355620682078,"1"
"6","proportions",1,0.995605067559551,"1"
"6","proportions",-1,0.368765741355919,"2"
"6","proportions",-0.9,0.496036422922656,"2"
"6","proportions",-0.8,0.615728283422078,"2"
"6","proportions",-0.7,0.740197832156559,"2"
"6","proportions",-0.6,0.86705038394198,"2"
"6","proportions",-0.5,0.99088879043632,"2"
"6","proportions",-0.4,1.12601399455995,"2"
"6","proportions",-0.3,1.25684093357041,"2"
"6","proportions",-0.2,1.39478569867268,"2"
"6","proportions",-0.1,1.51994502236993,"2"
"6","proportions",0,1.63460175202539,"2"
"6","proportions",0.1,1.50166479444173,"2"
"6","proportions",0.2,1.38305167190467,"2"
"6","proportions",0.3,1.25090390097535,"2"
"6","proportions",0.4,1.13596183851173,"2"
"6","proportions",0.5,1.00836796888342,"2"
"6","proportions",0.6,0.882651691621839,"2"
"6","proportions",0.7,0.76039430381262,"2"
"6","proportions",0.8,0.622684686416566,"2"
"6","proportions",0.9,0.493964660775949,"2"
"6","proportions",1,0.360414955836318,"2"
"6","proportions",-1,0.195816436738341,"3"
"6","proportions",-0.9,0.348762521049145,"3"
"6","proportions",-0.8,0.497836098332876,"3"
"6","proportions",-0.7,0.635452893350738,"3"
"6","proportions",-0.6,0.764687830328082,"3"
"6","proportions",-0.5,0.864300596082085,"3"
"6","proportions",-0.4,0.951179375538394,"3"
"6","proportions",-0.3,0.998868445824477,"3"
"6","proportions",-0.2,0.994692756006633,"3"
"6","proportions",-0.1,0.989800128598182,"3"
"6","proportions",0,0.989546256224178,"3"
"6","proportions",0.1,0.989045086847458,"3"
"6","proportions",0.2,0.995161842198056,"3"
"6","proportions",0.3,1.00721124841091,"3"
"6","proportions",0.4,0.982446087943353,"3"
"6","proportions",0.5,0.90355865225306,"3"
"6","proportions",0.6,0.784518799537912,"3"
"6","proportions",0.7,0.651475953975161,"3"
"6","proportions",0.8,0.502145548669059,"3"
"6","proportions",0.9,0.35168030971511,"3"
"6","proportions",1,0.196132944903132,"3"
"6","proportions",-1,0.121613355170963,"4"
"6","proportions",-0.9,0.286828088183828,"4"
"6","proportions",-0.8,0.445119483974148,"4"
"6","proportions",-0.7,0.592948369465714,"4"
"6","proportions",-0.6,0.725703109963057,"4"
"6","proportions",-0.5,0.836455296337009,"4"
"6","proportions",-0.4,0.920780908437244,"4"
"6","proportions",-0.3,0.984208177026446,"4"
"6","proportions",-0.2,1.06342127359322,"4"
"6","proportions",-0.1,1.1245748286837,"4"
"6","proportions",0,1.17490659512831,"4"
"6","proportions",0.1,1.12609664099871,"4"
"6","proportions",0.2,1.05281313771421,"4"
"6","proportions",0.3,0.991875454994653,"4"
"6","proportions",0.4,0.922544885570556,"4"
"6","proportions",0.5,0.837815327081859,"4"
"6","proportions",0.6,0.730041750767472,"4"
"6","proportions",0.7,0.605133485540292,"4"
"6","proportions",0.8,0.452211688658405,"4"
"6","proportions",0.9,0.288447605817136,"4"
"6","proportions",1,0.121663662370905,"4"
"6","proportions",-1,0.0815762558424119,"5"
"6","proportions",-0.9,0.257047304343945,"5"
"6","proportions",-0.8,0.425434941940113,"5"
"6","proportions",-0.7,0.578863690581047,"5"
"6","proportions",-0.6,0.710992160551339,"5"
"6","proportions",-0.5,0.815469011660303,"5"
"6","proportions",-0.4,0.906460011473971,"5"
"6","proportions",-0.3,0.966012656972487,"5"
"6","proportions",-0.2,0.993782048120844,"5"
"6","proportions",-0.1,0.993656317863391,"5"
"6","proportions",0,0.990273349307931,"5"
"6","proportions",0.1,0.991295334374823,"5"
"6","proportions",0.2,1.01873761437625,"5"
"6","proportions",0.3,0.986996377868939,"5"
"6","proportions",0.4,0.914961322926719,"5"
"6","proportions",0.5,0.823898794357637,"5"
"6","proportions",0.6,0.717294474661309,"5"
"6","proportions",0.7,0.577954549352197,"5"
"6","proportions",0.8,0.426650240536246,"5"
"6","proportions",0.9,0.259779775247399,"5"
"6","proportions",1,0.0827025405882232,"5"
"7","equal",-1,1.00762271957505,"1"
"7","equal",-0.9,1.00230360229627,"1"
"7","equal",-0.8,0.999991701708009,"1"
"7","equal",-0.7,0.998232683978922,"1"
"7","equal",-0.6,0.99678664458634,"1"
"7","equal",-0.5,0.995560041598481,"1"
"7","equal",-0.4,0.994505339258817,"1"
"7","equal",-0.3,0.993595207306253,"1"
"7","equal",-0.2,0.99281306713137,"1"
"7","equal",-0.1,0.992148935857698,"1"
"7","equal",0,0.991597433966707,"1"
"7","equal",0.1,0.991156859108716,"1"
"7","equal",0.2,0.990828913633405,"1"
"7","equal",0.3,0.990618977059307,"1"
"7","equal",0.4,0.990537032262888,"1"
"7","equal",0.5,0.99059965785357,"1"
"7","equal",0.6,0.990834184092447,"1"
"7","equal",0.7,0.991288146736047,"1"
"7","equal",0.8,0.992055087716152,"1"
"7","equal",0.9,0.993374911555431,"1"
"7","equal",1,0.997701952085229,"1"
"7","equal",-1,0.369224092958433,"2"
"7","equal",-0.9,0.496701666529415,"2"
"7","equal",-0.8,0.616539365956447,"2"
"7","equal",-0.7,0.739279695575046,"2"
"7","equal",-0.6,0.867383669913467,"2"
"7","equal",-0.5,0.993635615056851,"2"
"7","equal",-0.4,1.12724510682597,"2"
"7","equal",-0.3,1.25490487091802,"2"
"7","equal",-0.2,1.3910927086561,"2"
"7","equal",-0.1,1.51613448221708,"2"
"7","equal",0,1.63209572127525,"2"
"7","equal",0.1,1.50378255859619,"2"
"7","equal",0.2,1.38040759561866,"2"
"7","equal",0.3,1.2534377889651,"2"
"7","equal",0.4,1.13695979086928,"2"
"7","equal",0.5,1.00714924505919,"2"
"7","equal",0.6,0.884729308583092,"2"
"7","equal",0.7,0.762506506193017,"2"
"7","equal",0.8,0.625164838357938,"2"
"7","equal",0.9,0.493918019165162,"2"
"7","equal",1,0.360928993056041,"2"
"7","equal",-1,0.190734188415622,"3"
"7","equal",-0.9,0.364834349498938,"3"
"7","equal",-0.8,0.55602939885955,"3"
"7","equal",-0.7,0.765853806817426,"3"
"7","equal",-0.6,0.983825540613987,"3"
"7","equal",-0.5,1.21336828502309,"3"
"7","equal",-0.4,1.44851499791138,"3"
"7","equal",-0.3,1.71232549102729,"3"
"7","equal",-0.2,1.98290837561697,"3"
"7","equal",-0.1,2.25723734211934,"3"
"7","equal",0,2.48059569726161,"3"
"7","equal",0.1,2.21582451904309,"3"
"7","equal",0.2,1.96822349793182,"3"
"7","equal",0.3,1.72193718820154,"3"
"7","equal",0.4,1.45943559013755,"3"
"7","equal",0.5,1.21898751651205,"3"
"7","equal",0.6,0.98940693042471,"3"
"7","equal",0.7,0.765132420176946,"3"
"7","equal",0.8,0.557900531121901,"3"
"7","equal",0.9,0.364561596804334,"3"
"7","equal",1,0.192219427290131,"3"
"7","equal",-1,0.118461643436215,"4"
"7","equal",-0.9,0.313270976908475,"4"
"7","equal",-0.8,0.530494559913229,"4"
"7","equal",-0.7,0.791001866759858,"4"
"7","equal",-0.6,1.08022320831593,"4"
"7","equal",-0.5,1.39262013760016,"4"
"7","equal",-0.4,1.72444015557062,"4"
"7","equal",-0.3,2.09453965107149,"4"
"7","equal",-0.2,2.50549837605959,"4"
"7","equal",-0.1,2.90971649388931,"4"
"7","equal",0,3.26934488083091,"4"
"7","equal",0.1,2.88214391665707,"4"
"7","equal",0.2,2.49191402795624,"4"
"7","equal",0.3,2.11914379997136,"4"
"7","equal",0.4,1.76876072331543,"4"
"7","equal",0.5,1.42631052180579,"4"
"7","equal",0.6,1.10655212107565,"4"
"7","equal",0.7,0.820921519186641,"4"
"7","equal",0.8,0.546312227580627,"4"
"7","equal",0.9,0.313557407878185,"4"
"7","equal",1,0.118319228998288,"4"
"7","equal",-1,0.0796849673430298,"5"
"7","equal",-0.9,0.283718175670499,"5"
"7","equal",-0.8,0.54353873841916,"5"
"7","equal",-0.7,0.832309043591451,"5"
"7","equal",-0.6,1.1792083753552,"5"
"7","equal",-0.5,1.57888580582895,"5"
"7","equal",-0.4,2.01126382878845,"5"
"7","equal",-0.3,2.45717256154223,"5"
"7","equal",-0.2,2.99841033487352,"5"
"7","equal",-0.1,3.54307654121211,"5"
"7","equal",0,4.00271817146742,"5"
"7","equal",0.1,3.46819216892899,"5"
"7","equal",0.2,2.9785265710762,"5"
"7","equal",0.3,2.496338067454,"5"
"7","equal",0.4,2.03710931670449,"5"
"7","equal",0.5,1.58634128417667,"5"
"7","equal",0.6,1.19542625387152,"5"
"7","equal",0.7,0.847890633899771,"5"
"7","equal",0.8,0.538381988483231,"5"
"7","equal",0.9,0.285415585235316,"5"
"7","equal",1,0.0811701428536257,"5"
"7","proportions",-1,1.00762271957505,"1"
"7","proportions",-0.9,1.00230360229627,"1"
"7","proportions",-0.8,0.999991701708009,"1"
"7","proportions",-0.7,0.998232683978922,"1"
"7","proportions",-0.6,0.99678664458634,"1"
"7","proportions",-0.5,0.995560041598481,"1"
"7","proportions",-0.4,0.994505339258817,"1"
"7","proportions",-0.3,0.993595207306253,"1"
"7","proportions",-0.2,0.99281306713137,"1"
"7","proportions",-0.1,0.992148935857698,"1"
"7","proportions",0,0.991597433966707,"1"
"7","proportions",0.1,0.991156859108716,"1"
"7","proportions",0.2,0.990828913633405,"1"
"7","proportions",0.3,0.990618977059307,"1"
"7","proportions",0.4,0.990537032262888,"1"
"7","proportions",0.5,0.99059965785357,"1"
"7","proportions",0.6,0.990834184092447,"1"
"7","proportions",0.7,0.991288146736047,"1"
"7","proportions",0.8,0.992055087716152,"1"
"7","proportions",0.9,0.993374911555431,"1"
"7","proportions",1,0.997701952085229,"1"
"7","proportions",-1,0.369271702436051,"2"
"7","proportions",-0.9,0.497212916913041,"2"
"7","proportions",-0.8,0.616682344870727,"2"
"7","proportions",-0.7,0.739731717764018,"2"
"7","proportions",-0.6,0.867808884201366,"2"
"7","proportions",-0.5,0.990943936516109,"2"
"7","proportions",-0.4,1.12553569520262,"2"
"7","proportions",-0.3,1.25473254939,"2"
"7","proportions",-0.2,1.39325226483473,"2"
"7","proportions",-0.1,1.52173015616735,"2"
"7","proportions",0,1.63634919918808,"2"
"7","proportions",0.1,1.50529254615388,"2"
"7","proportions",0.2,1.38364255715315,"2"
"7","proportions",0.3,1.24989649290037,"2"
"7","proportions",0.4,1.1328305114802,"2"
"7","proportions",0.5,1.00984409394606,"2"
"7","proportions",0.6,0.886006610695019,"2"
"7","proportions",0.7,0.764222817356936,"2"
"7","proportions",0.8,0.625202873245106,"2"
"7","proportions",0.9,0.493839714107643,"2"
"7","proportions",1,0.36100461105062,"2"
"7","proportions",-1,0.196064699095381,"3"
"7","proportions",-0.9,0.348203562167395,"3"
"7","proportions",-0.8,0.496057195407268,"3"
"7","proportions",-0.7,0.636217981058548,"3"
"7","proportions",-0.6,0.765336200391051,"3"
"7","proportions",-0.5,0.866792109185657,"3"
"7","proportions",-0.4,0.956809646076019,"3"
"7","proportions",-0.3,1.00132632095028,"3"
"7","proportions",-0.2,0.995288863277265,"3"
"7","proportions",-0.1,0.992132758009798,"3"
"7","proportions",0,0.99183049678032,"3"
"7","proportions",0.1,0.99129112840036,"3"
"7","proportions",0.2,0.996864640368839,"3"
"7","proportions",0.3,1.00765835737334,"3"
"7","proportions",0.4,0.982374014743618,"3"
"7","proportions",0.5,0.90257070852832,"3"
"7","proportions",0.6,0.783685579556674,"3"
"7","proportions",0.7,0.651436400979247,"3"
"7","proportions",0.8,0.504578369841962,"3"
"7","proportions",0.9,0.35274360423421,"3"
"7","proportions",1,0.196971662189186,"3"
"7","proportions",-1,0.121482237810395,"4"
"7","proportions",-0.9,0.287687154163632,"4"
"7","proportions",-0.8,0.445210660677744,"4"
"7","proportions",-0.7,0.592684735447192,"4"
"7","proportions",-0.6,0.726464319448565,"4"
"7","proportions",-0.5,0.835906696863757,"4"
"7","proportions",-0.4,0.91989391021826,"4"
"7","proportions",-0.3,0.986351162652552,"4"
"7","proportions",-0.2,1.06501525724081,"4"
"7","proportions",-0.1,1.12438591196753,"4"
"7","proportions",0,1.15496417425681,"4"
"7","proportions",0.1,1.12620923784102,"4"
"7","proportions",0.2,1.05439964478854,"4"
"7","proportions",0.3,0.996101475497626,"4"
"7","proportions",0.4,0.925439743813513,"4"
"7","proportions",0.5,0.841609181409911,"4"
"7","proportions",0.6,0.73115185701342,"4"
"7","proportions",0.7,0.605065244650308,"4"
"7","proportions",0.8,0.44922347663005,"4"
"7","proportions",0.9,0.288638615718325,"4"
"7","proportions",1,0.121523898130669,"4"
"7","proportions",-1,0.0816083615101095,"5"
"7","proportions",-0.9,0.256601298499057,"5"
"7","proportions",-0.8,0.42564160417489,"5"
"7","proportions",-0.7,0.575978481879254,"5"
"7","proportions",-0.6,0.71020577602586,"5"
"7","proportions",-0.5,0.816722805409259,"5"
"7","proportions",-0.4,0.901477033000906,"5"
"7","proportions",-0.3,0.964405838027107,"5"
"7","proportions",-0.2,0.99520017612936,"5"
"7","proportions",-0.1,0.995231268997986,"5"
"7","proportions",0,0.992327197516178,"5"
"7","proportions",0.1,0.995173559647713,"5"
"7","proportions",0.2,1.01794859427159,"5"
"7","proportions",0.3,0.987350280510777,"5"
"7","proportions",0.4,0.914265472157663,"5"
"7","proportions",0.5,0.825755789759951,"5"
"7","proportions",0.6,0.717645865370835,"5"
"7","proportions",0.7,0.579612303543154,"5"
"7","proportions",0.8,0.428205660493608,"5"
"7","proportions",0.9,0.259717265187014,"5"
"7","proportions",1,0.0826647303586368,"5"
"8","equal",-1,1.01344440424255,"1"
"8","equal",-0.9,1.01578826291347,"1"
"8","equal",-0.8,1.01651378586461,"1"
"8","equal",-0.7,1.01694177452676,"1"
"8","equal",-0.6,1.01720133368296,"1"
"8","equal",-0.5,1.0173428029878,"1"
"8","equal",-0.4,1.01739176384118,"1"
"8","equal",-0.3,1.01736292404183,"1"
"8","equal",-0.2,1.01726520537973,"1"
"8","equal",-0.1,1.01710398014669,"1"
"8","equal",0,1.01688214333429,"1"
"8","equal",0.1,1.01660061106318,"1"
"8","equal",0.2,1.01625846721271,"1"
"8","equal",0.3,1.0158528167913,"1"
"8","equal",0.4,1.01537828750715,"1"
"8","equal",0.5,1.01482595757026,"1"
"8","equal",0.6,1.01418111918191,"1"
"8","equal",0.7,1.0134181909422,"1"
"8","equal",0.8,1.01248683319654,"1"
"8","equal",0.9,1.01125794116189,"1"
"8","equal",1,1.00841071340747,"1"
"8","equal",-1,0.371001507939602,"2"
"8","equal",-0.9,0.497754706168847,"2"
"8","equal",-0.8,0.623488213828289,"2"
"8","equal",-0.7,0.748869855645411,"2"
"8","equal",-0.6,0.874699227540065,"2"
"8","equal",-0.5,0.998310221569192,"2"
"8","equal",-0.4,1.134596952694,"2"
"8","equal",-0.3,1.26933206515514,"2"
"8","equal",-0.2,1.39571653497568,"2"
"8","equal",-0.1,1.5163906367169,"2"
"8","equal",0,1.6489668556717,"2"
"8","equal",0.1,1.51759725254071,"2"
"8","equal",0.2,1.39016965354484,"2"
"8","equal",0.3,1.25913206813567,"2"
"8","equal",0.4,1.13485149878292,"2"
"8","equal",0.5,1.0036477511503,"2"
"8","equal",0.6,0.872798057343827,"2"
"8","equal",0.7,0.748184519452903,"2"
"8","equal",0.8,0.623134200829805,"2"
"8","equal",0.9,0.498160653878763,"2"
"8","equal",1,0.367770237503353,"2"
"8","equal",-1,0.193004633611266,"3"
"8","equal",-0.9,0.366871004711324,"3"
"8","equal",-0.8,0.557163232191616,"3"
"8","equal",-0.7,0.756026525849413,"3"
"8","equal",-0.6,0.975408144607452,"3"
"8","equal",-0.5,1.20527167134968,"3"
"8","equal",-0.4,1.44451955330089,"3"
"8","equal",-0.3,1.69558613754964,"3"
"8","equal",-0.2,1.96225481450742,"3"
"8","equal",-0.1,2.25606020973166,"3"
"8","equal",0,2.52063453852308,"3"
"8","equal",0.1,2.25231326973354,"3"
"8","equal",0.2,1.97824659761771,"3"
"8","equal",0.3,1.71882108575556,"3"
"8","equal",0.4,1.46149261223524,"3"
"8","equal",0.5,1.21538993974103,"3"
"8","equal",0.6,0.987825351597192,"3"
"8","equal",0.7,0.765507937447374,"3"
"8","equal",0.8,0.555439075618314,"3"
"8","equal",0.9,0.363449571275814,"3"
"8","equal",1,0.193832758801962,"3"
"8","equal",-1,0.120097918507681,"4"
"8","equal",-0.9,0.306480149559754,"4"
"8","equal",-0.8,0.532104909361618,"4"
"8","equal",-0.7,0.793524080705148,"4"
"8","equal",-0.6,1.07684729201546,"4"
"8","equal",-0.5,1.38070242823308,"4"
"8","equal",-0.4,1.7064318445555,"4"
"8","equal",-0.3,2.07653341085473,"4"
"8","equal",-0.2,2.45838650303345,"4"
"8","equal",-0.1,2.86102797832947,"4"
"8","equal",0,2.27526058699296,"4"
"8","equal",0.1,2.89332962061656,"4"
"8","equal",0.2,2.49391638456288,"4"
"8","equal",0.3,2.12480232169937,"4"
"8","equal",0.4,1.75067281205939,"4"
"8","equal",0.5,1.40853776930268,"4"
"8","equal",0.6,1.07480812392918,"4"
"8","equal",0.7,0.787915667926914,"4"
"8","equal",0.8,0.531049802446551,"4"
"8","equal",0.9,0.313793244087715,"4"
"8","equal",1,0.119173906600185,"4"
"8","equal",-1,0.0832333943528309,"5"
"8","equal",-0.9,0.285324686464012,"5"
"8","equal",-0.8,0.523623125127129,"5"
"8","equal",-0.7,0.812952650379248,"5"
"8","equal",-0.6,1.15240119693766,"5"
"8","equal",-0.5,1.52243950666581,"5"
"8","equal",-0.4,1.95815555504717,"5"
"8","equal",-0.3,2.41758972269966,"5"
"8","equal",-0.2,2.89241139753232,"5"
"8","equal",-0.1,3.40540160129391,"5"
"8","equal",0,2.70111342959681,"5"
"8","equal",0.1,3.41325513471298,"5"
"8","equal",0.2,2.90294800165222,"5"
"8","equal",0.3,2.40903064091085,"5"
"8","equal",0.4,1.9720564310426,"5"
"8","equal",0.5,1.54727254375471,"5"
"8","equal",0.6,1.15501285754829,"5"
"8","equal",0.7,0.822385655421547,"5"
"8","equal",0.8,0.528825983078699,"5"
"8","equal",0.9,0.284028565613422,"5"
"8","equal",1,0.080310447825493,"5"
"8","proportions",-1,1.01344440424255,"1"
"8","proportions",-0.9,1.01578826291347,"1"
"8","proportions",-0.8,1.01651378586461,"1"
"8","proportions",-0.7,1.01694177452676,"1"
"8","proportions",-0.6,1.01720133368296,"1"
"8","proportions",-0.5,1.0173428029878,"1"
"8","proportions",-0.4,1.01739176384118,"1"
"8","proportions",-0.3,1.01736292404183,"1"
"8","proportions",-0.2,1.01726520537973,"1"
"8","proportions",-0.1,1.01710398014669,"1"
"8","proportions",0,1.01688214333429,"1"
"8","proportions",0.1,1.01660061106318,"1"
"8","proportions",0.2,1.01625846721271,"1"
"8","proportions",0.3,1.0158528167913,"1"
"8","proportions",0.4,1.01537828750715,"1"
"8","proportions",0.5,1.01482595757026,"1"
"8","proportions",0.6,1.01418111918191,"1"
"8","proportions",0.7,1.0134181909422,"1"
"8","proportions",0.8,1.01248683319654,"1"
"8","proportions",0.9,1.01125794116189,"1"
"8","proportions",1,1.00841071340747,"1"
"8","proportions",-1,0.371009600104342,"2"
"8","proportions",-0.9,0.498144577948852,"2"
"8","proportions",-0.8,0.621942334079697,"2"
"8","proportions",-0.7,0.749385705741362,"2"
"8","proportions",-0.6,0.880076334109307,"2"
"8","proportions",-0.5,1.00068081554367,"2"
"8","proportions",-0.4,1.13104558825605,"2"
"8","proportions",-0.3,1.25949072005006,"2"
"8","proportions",-0.2,1.39215574445141,"2"
"8","proportions",-0.1,1.52669456760952,"2"
"8","proportions",0,1.62457322918484,"2"
"8","proportions",0.1,1.54179138127326,"2"
"8","proportions",0.2,1.40036541028877,"2"
"8","proportions",0.3,1.25872108534967,"2"
"8","proportions",0.4,1.12965707860666,"2"
"8","proportions",0.5,1.00403358707193,"2"
"8","proportions",0.6,0.873365790796646,"2"
"8","proportions",0.7,0.749522019708426,"2"
"8","proportions",0.8,0.621955512961043,"2"
"8","proportions",0.9,0.49915294577758,"2"
"8","proportions",1,0.367920548319774,"2"
"8","proportions",-1,0.198808937941149,"3"
"8","proportions",-0.9,0.350079888376763,"3"
"8","proportions",-0.8,0.503169149594333,"3"
"8","proportions",-0.7,0.647340928525624,"3"
"8","proportions",-0.6,0.780198741013154,"3"
"8","proportions",-0.5,0.888830562841535,"3"
"8","proportions",-0.4,0.969264762405087,"3"
"8","proportions",-0.3,1.01754869733379,"3"
"8","proportions",-0.2,1.02271236343284,"3"
"8","proportions",-0.1,1.01740112192383,"3"
"8","proportions",0,1.0169404661632,"3"
"8","proportions",0.1,1.01659183987374,"3"
"8","proportions",0.2,1.01720682513563,"3"
"8","proportions",0.3,1.01689518231476,"3"
"8","proportions",0.4,0.96745347859282,"3"
"8","proportions",0.5,0.894689988731258,"3"
"8","proportions",0.6,0.782125364273843,"3"
"8","proportions",0.7,0.648251152580979,"3"
"8","proportions",0.8,0.503794907188504,"3"
"8","proportions",0.9,0.353496797508481,"3"
"8","proportions",1,0.19936885412645,"3"
"8","proportions",-1,0.123461472527323,"4"
"8","proportions",-0.9,0.290477225471053,"4"
"8","proportions",-0.8,0.447926769045524,"4"
"8","proportions",-0.7,0.60176621502612,"4"
"8","proportions",-0.6,0.73796360807212,"4"
"8","proportions",-0.5,0.849964033408732,"4"
"8","proportions",-0.4,0.940758170060019,"4"
"8","proportions",-0.3,1.01138625874241,"4"
"8","proportions",-0.2,1.08154455143117,"4"
"8","proportions",-0.1,1.15295333857357,"4"
"8","proportions",0,1.21710449388134,"4"
"8","proportions",0.1,1.15664280262248,"4"
"8","proportions",0.2,1.08146568118455,"4"
"8","proportions",0.3,1.00926224407304,"4"
"8","proportions",0.4,0.936329650674398,"4"
"8","proportions",0.5,0.842861502745494,"4"
"8","proportions",0.6,0.734637157800069,"4"
"8","proportions",0.7,0.603807393989819,"4"
"8","proportions",0.8,0.454858757639757,"4"
"8","proportions",0.9,0.292609098160062,"4"
"8","proportions",1,0.122326257218205,"4"
"8","proportions",-1,0.084943791726976,"5"
"8","proportions",-0.9,0.262206714113152,"5"
"8","proportions",-0.8,0.430497884398363,"5"
"8","proportions",-0.7,0.586114851051515,"5"
"8","proportions",-0.6,0.725583206148114,"5"
"8","proportions",-0.5,0.833715402666621,"5"
"8","proportions",-0.4,0.924691045162706,"5"
"8","proportions",-0.3,0.998109423342688,"5"
"8","proportions",-0.2,1.02703815024977,"5"
"8","proportions",-0.1,1.02462706761755,"5"
"8","proportions",0,1.01700452161054,"5"
"8","proportions",0.1,1.03260971228481,"5"
"8","proportions",0.2,1.02665726023051,"5"
"8","proportions",0.3,1.00314904136716,"5"
"8","proportions",0.4,0.928664802446755,"5"
"8","proportions",0.5,0.837560840965633,"5"
"8","proportions",0.6,0.71879476475492,"5"
"8","proportions",0.7,0.584898389946963,"5"
"8","proportions",0.8,0.429462504095466,"5"
"8","proportions",0.9,0.258157045788698,"5"
"8","proportions",1,0.082074681341231,"5"
"9","equal",-1,1.01257078632535,"1"
"9","equal",-0.9,1.01582492278531,"1"
"9","equal",-0.8,1.01709853068623,"1"
"9","equal",-0.7,1.01800801441352,"1"
"9","equal",-0.6,1.01871137314297,"1"
"9","equal",-0.5,1.01927021283334,"1"
"9","equal",-0.4,1.01971584014891,"1"
"9","equal",-0.3,1.0200662545783,"1"
"9","equal",-0.2,1.02033237465944,"1"
"9","equal",-0.1,1.02052077503391,"1"
"9","equal",0,1.02063499860905,"1"
"9","equal",0.1,1.02067616653858,"1"
"9","equal",0.2,1.02064315766878,"1"
"9","equal",0.3,1.02053242909231,"1"
"9","equal",0.4,1.02033740616758,"1"
"9","equal",0.5,1.02004717035668,"1"
"9","equal",0.6,1.01964372217099,"1"
"9","equal",0.7,1.0190957549462,"1"
"9","equal",0.8,1.01834166272359,"1"
"9","equal",0.9,1.01722344632733,"1"
"9","equal",1,1.01412470137205,"1"
"9","equal",-1,0.371230177664993,"2"
"9","equal",-0.9,0.499978600746652,"2"
"9","equal",-0.8,0.630577543188207,"2"
"9","equal",-0.7,0.754641879065067,"2"
"9","equal",-0.6,0.879313425467164,"2"
"9","equal",-0.5,1.00629564337275,"2"
"9","equal",-0.4,1.14138165087913,"2"
"9","equal",-0.3,1.2758185476035,"2"
"9","equal",-0.2,1.40125269515417,"2"
"9","equal",-0.1,1.52113245272502,"2"
"9","equal",0,1.65549223526832,"2"
"9","equal",0.1,1.51642056987147,"2"
"9","equal",0.2,1.39182334010933,"2"
"9","equal",0.3,1.25893226477618,"2"
"9","equal",0.4,1.1323531547251,"2"
"9","equal",0.5,1.00116340028903,"2"
"9","equal",0.6,0.870522988066037,"2"
"9","equal",0.7,0.746047371003391,"2"
"9","equal",0.8,0.623610055376373,"2"
"9","equal",0.9,0.499323478257404,"2"
"9","equal",1,0.368863994093003,"2"
"9","equal",-1,0.193888937476441,"3"
"9","equal",-0.9,0.369391508072622,"3"
"9","equal",-0.8,0.560258652392712,"3"
"9","equal",-0.7,0.760132502260073,"3"
"9","equal",-0.6,0.982424229647822,"3"
"9","equal",-0.5,1.21366920171431,"3"
"9","equal",-0.4,1.45794932156286,"3"
"9","equal",-0.3,1.70884342630158,"3"
"9","equal",-0.2,1.97127282784949,"3"
"9","equal",-0.1,2.26650171137599,"3"
"9","equal",0,2.5369646371345,"3"
"9","equal",0.1,2.26131084787462,"3"
"9","equal",0.2,1.98846281885439,"3"
"9","equal",0.3,1.72109762747403,"3"
"9","equal",0.4,1.46345036504045,"3"
"9","equal",0.5,1.21519387217239,"3"
"9","equal",0.6,0.990945455434032,"3"
"9","equal",0.7,0.767182308060304,"3"
"9","equal",0.8,0.557468502478906,"3"
"9","equal",0.9,0.364179327817313,"3"
"9","equal",1,0.194549099892582,"3"
"9","equal",-1,0.119952877439664,"4"
"9","equal",-0.9,0.306812802233011,"4"
"9","equal",-0.8,0.536176706407069,"4"
"9","equal",-0.7,0.797479403434483,"4"
"9","equal",-0.6,1.08075368714775,"4"
"9","equal",-0.5,1.38914401235158,"4"
"9","equal",-0.4,1.71634068686072,"4"
"9","equal",-0.3,2.09851590737129,"4"
"9","equal",-0.2,2.48222316617572,"4"
"9","equal",-0.1,2.88199284007536,"4"
"9","equal",0,2.22502439416779,"4"
"9","equal",0.1,2.90939641788226,"4"
"9","equal",0.2,2.5158052051296,"4"
"9","equal",0.3,2.13893016079891,"4"
"9","equal",0.4,1.75249650324182,"4"
"9","equal",0.5,1.42026976971968,"4"
"9","equal",0.6,1.08186039816966,"4"
"9","equal",0.7,0.791522177509314,"4"
"9","equal",0.8,0.532468456506593,"4"
"9","equal",0.9,0.31654442690211,"4"
"9","equal",1,0.119730546182433,"4"
"9","equal",-1,0.083266927813834,"5"
"9","equal",-0.9,0.285097931195883,"5"
"9","equal",-0.8,0.524004590418747,"5"
"9","equal",-0.7,0.819169116089286,"5"
"9","equal",-0.6,1.16306758526408,"5"
"9","equal",-0.5,1.54535083415963,"5"
"9","equal",-0.4,1.97580739014367,"5"
"9","equal",-0.3,2.44113016344971,"5"
"9","equal",-0.2,2.91893800676689,"5"
"9","equal",-0.1,3.46391243901827,"5"
"9","equal",0,2.72080934640865,"5"
"9","equal",0.1,3.44053389662572,"5"
"9","equal",0.2,2.93380310411328,"5"
"9","equal",0.3,2.43382820212041,"5"
"9","equal",0.4,1.97476520828784,"5"
"9","equal",0.5,1.5556859034355,"5"
"9","equal",0.6,1.16225919711546,"5"
"9","equal",0.7,0.8290623956174,"5"
"9","equal",0.8,0.534096948437367,"5"
"9","equal",0.9,0.282377284668236,"5"
"9","equal",1,0.0801745522333909,"5"
"9","proportions",-1,1.01257078632535,"1"
"9","proportions",-0.9,1.01582492278531,"1"
"9","proportions",-0.8,1.01709853068623,"1"
"9","proportions",-0.7,1.01800801441352,"1"
"9","proportions",-0.6,1.01871137314297,"1"
"9","proportions",-0.5,1.01927021283334,"1"
"9","proportions",-0.4,1.01971584014891,"1"
"9","proportions",-0.3,1.0200662545783,"1"
"9","proportions",-0.2,1.02033237465944,"1"
"9","proportions",-0.1,1.02052077503391,"1"
"9","proportions",0,1.02063499860905,"1"
"9","proportions",0.1,1.02067616653858,"1"
"9","proportions",0.2,1.02064315766878,"1"
"9","proportions",0.3,1.02053242909231,"1"
"9","proportions",0.4,1.02033740616758,"1"
"9","proportions",0.5,1.02004717035668,"1"
"9","proportions",0.6,1.01964372217099,"1"
"9","proportions",0.7,1.0190957549462,"1"
"9","proportions",0.8,1.01834166272359,"1"
"9","proportions",0.9,1.01722344632733,"1"
"9","proportions",1,1.01412470137205,"1"
"9","proportions",-1,0.371230376971777,"2"
"9","proportions",-0.9,0.499984069959151,"2"
"9","proportions",-0.8,0.628660800820942,"2"
"9","proportions",-0.7,0.757277653025505,"2"
"9","proportions",-0.6,0.882315812989555,"2"
"9","proportions",-0.5,1.00788501462812,"2"
"9","proportions",-0.4,1.13984411992483,"2"
"9","proportions",-0.3,1.26428365677545,"2"
"9","proportions",-0.2,1.40105169906823,"2"
"9","proportions",-0.1,1.53517942676507,"2"
"9","proportions",0,1.6303010611655,"2"
"9","proportions",0.1,1.53615015535224,"2"
"9","proportions",0.2,1.401356540564,"2"
"9","proportions",0.3,1.26050597077852,"2"
"9","proportions",0.4,1.12605640338316,"2"
"9","proportions",0.5,1.00202204232666,"2"
"9","proportions",0.6,0.868489387883288,"2"
"9","proportions",0.7,0.750366136771901,"2"
"9","proportions",0.8,0.623441007479482,"2"
"9","proportions",0.9,0.501930906918872,"2"
"9","proportions",1,0.369194171999316,"2"
"9","proportions",-1,0.199482090734101,"3"
"9","proportions",-0.9,0.351795963593291,"3"
"9","proportions",-0.8,0.505774816748291,"3"
"9","proportions",-0.7,0.650843535571303,"3"
"9","proportions",-0.6,0.783324428084211,"3"
"9","proportions",-0.5,0.892019510786711,"3"
"9","proportions",-0.4,0.974464002791758,"3"
"9","proportions",-0.3,1.01876216931183,"3"
"9","proportions",-0.2,1.02725062946352,"3"
"9","proportions",-0.1,1.02135870194751,"3"
"9","proportions",0,1.02114382343563,"3"
"9","proportions",0.1,1.02123950327408,"3"
"9","proportions",0.2,1.02364964658449,"3"
"9","proportions",0.3,1.01678323692428,"3"
"9","proportions",0.4,0.972495576261054,"3"
"9","proportions",0.5,0.892585065789088,"3"
"9","proportions",0.6,0.783411567268318,"3"
"9","proportions",0.7,0.650061209995512,"3"
"9","proportions",0.8,0.503286628519063,"3"
"9","proportions",0.9,0.355622156395367,"3"
"9","proportions",1,0.200407757249999,"3"
"9","proportions",-1,0.122931720919465,"4"
"9","proportions",-0.9,0.290804793620678,"4"
"9","proportions",-0.8,0.449377588955128,"4"
"9","proportions",-0.7,0.606407754226605,"4"
"9","proportions",-0.6,0.740798057955227,"4"
"9","proportions",-0.5,0.852693363999141,"4"
"9","proportions",-0.4,0.946412878669481,"4"
"9","proportions",-0.3,1.01602337197485,"4"
"9","proportions",-0.2,1.0867726608142,"4"
"9","proportions",-0.1,1.15958252657522,"4"
"9","proportions",0,1.223975810077,"4"
"9","proportions",0.1,1.1690739892032,"4"
"9","proportions",0.2,1.08050084732701,"4"
"9","proportions",0.3,1.00968472439636,"4"
"9","proportions",0.4,0.934298034947361,"4"
"9","proportions",0.5,0.843874254256431,"4"
"9","proportions",0.6,0.731456957244896,"4"
"9","proportions",0.7,0.604375068026738,"4"
"9","proportions",0.8,0.453449742185179,"4"
"9","proportions",0.9,0.292910228547904,"4"
"9","proportions",1,0.123027807129372,"4"
"9","proportions",-1,0.0852690084109241,"5"
"9","proportions",-0.9,0.263988411031581,"5"
"9","proportions",-0.8,0.431681732880693,"5"
"9","proportions",-0.7,0.58990249239354,"5"
"9","proportions",-0.6,0.734350194103646,"5"
"9","proportions",-0.5,0.849890663411449,"5"
"9","proportions",-0.4,0.928138024683252,"5"
"9","proportions",-0.3,0.998233404754109,"5"
"9","proportions",-0.2,1.04483364246629,"5"
"9","proportions",-0.1,1.02859297221921,"5"
"9","proportions",0,1.0218518081582,"5"
"9","proportions",0.1,1.03684296104515,"5"
"9","proportions",0.2,1.0284916457725,"5"
"9","proportions",0.3,1.00040838112432,"5"
"9","proportions",0.4,0.927656645814535,"5"
"9","proportions",0.5,0.83697237783095,"5"
"9","proportions",0.6,0.718861641031824,"5"
"9","proportions",0.7,0.583553662559291,"5"
"9","proportions",0.8,0.426545530279602,"5"
"9","proportions",0.9,0.255125712251595,"5"
"9","proportions",1,0.0819820388484408,"5"
"10","equal",-1,1.00794804868627,"1"
"10","equal",-0.9,1.00377193283745,"1"
"10","equal",-0.8,1.00162285404547,"1"
"10","equal",-0.7,0.999846450108343,"1"
"10","equal",-0.6,0.9982810115759,"1"
"10","equal",-0.5,0.996863485804581,"1"
"10","equal",-0.4,0.99556183095972,"1"
"10","equal",-0.3,0.994357624873007,"1"
"10","equal",-0.2,0.993239692607914,"1"
"10","equal",-0.1,0.992201305131378,"1"
"10","equal",0,0.991238836338423,"1"
"10","equal",0.1,0.990351138747425,"1"
"10","equal",0.2,0.989539359840007,"1"
"10","equal",0.3,0.988807125721146,"1"
"10","equal",0.4,0.988161165423905,"1"
"10","equal",0.5,0.987612653884813,"1"
"10","equal",0.6,0.987180013272178,"1"
"10","equal",0.7,0.986895285420667,"1"
"10","equal",0.8,0.98682152297384,"1"
"10","equal",0.9,0.987120435381862,"1"
"10","equal",1,0.989446384846733,"1"
"10","equal",-1,0.369127390694971,"2"
"10","equal",-0.9,0.496917236234165,"2"
"10","equal",-0.8,0.617840242020093,"2"
"10","equal",-0.7,0.739288518534509,"2"
"10","equal",-0.6,0.863989221398491,"2"
"10","equal",-0.5,0.988544279643939,"2"
"10","equal",-0.4,1.12798042387821,"2"
"10","equal",-0.3,1.25408709563327,"2"
"10","equal",-0.2,1.38987805205589,"2"
"10","equal",-0.1,1.51706751984761,"2"
"10","equal",0,1.63863484844276,"2"
"10","equal",0.1,1.51561593641384,"2"
"10","equal",0.2,1.39133786234083,"2"
"10","equal",0.3,1.26040625624433,"2"
"10","equal",0.4,1.13734286279402,"2"
"10","equal",0.5,1.01124235755368,"2"
"10","equal",0.6,0.887187680418519,"2"
"10","equal",0.7,0.766420235872078,"2"
"10","equal",0.8,0.62484370452148,"2"
"10","equal",0.9,0.493700836775325,"2"
"10","equal",1,0.358255025147477,"2"
"10","equal",-1,0.190111154407135,"3"
"10","equal",-0.9,0.362165803770982,"3"
"10","equal",-0.8,0.551733360745452,"3"
"10","equal",-0.7,0.761602019952004,"3"
"10","equal",-0.6,0.976840247549678,"3"
"10","equal",-0.5,1.20374097518544,"3"
"10","equal",-0.4,1.44152683600211,"3"
"10","equal",-0.3,1.71270616225154,"3"
"10","equal",-0.2,1.97911080081826,"3"
"10","equal",-0.1,2.25404029595214,"3"
"10","equal",0,2.49292491644856,"3"
"10","equal",0.1,2.2245526106445,"3"
"10","equal",0.2,1.97553248986541,"3"
"10","equal",0.3,1.72971072809253,"3"
"10","equal",0.4,1.47164374190507,"3"
"10","equal",0.5,1.2304807594201,"3"
"10","equal",0.6,0.998315159680045,"3"
"10","equal",0.7,0.771934815898925,"3"
"10","equal",0.8,0.560857067370982,"3"
"10","equal",0.9,0.367598815039011,"3"
"10","equal",1,0.191985414854126,"3"
"10","equal",-1,0.118395376153764,"4"
"10","equal",-0.9,0.309357300921002,"4"
"10","equal",-0.8,0.527324175287568,"4"
"10","equal",-0.7,0.784134294535297,"4"
"10","equal",-0.6,1.06769524852668,"4"
"10","equal",-0.5,1.38258102748956,"4"
"10","equal",-0.4,1.71836397162234,"4"
"10","equal",-0.3,2.08908527274573,"4"
"10","equal",-0.2,2.50307210550148,"4"
"10","equal",-0.1,2.90880510292987,"4"
"10","equal",0,3.28043255532927,"4"
"10","equal",0.1,2.90334131035682,"4"
"10","equal",0.2,2.52393259827604,"4"
"10","equal",0.3,2.12782711165417,"4"
"10","equal",0.4,1.77275027823997,"4"
"10","equal",0.5,1.43025820207655,"4"
"10","equal",0.6,1.11095236884133,"4"
"10","equal",0.7,0.825522861253172,"4"
"10","equal",0.8,0.549118782595719,"4"
"10","equal",0.9,0.314134776407165,"4"
"10","equal",1,0.119029867524055,"4"
"10","equal",-1,0.079873974940996,"5"
"10","equal",-0.9,0.282904114899014,"5"
"10","equal",-0.8,0.53923671704037,"5"
"10","equal",-0.7,0.823812129909294,"5"
"10","equal",-0.6,1.1736655409494,"5"
"10","equal",-0.5,1.55714438970065,"5"
"10","equal",-0.4,1.98997999390007,"5"
"10","equal",-0.3,2.43396520729216,"5"
"10","equal",-0.2,2.96033368133735,"5"
"10","equal",-0.1,3.5068571446457,"5"
"10","equal",0,2.4855947202767,"5"
"10","equal",0.1,3.45887389852409,"5"
"10","equal",0.2,2.97440118447076,"5"
"10","equal",0.3,2.50368793912085,"5"
"10","equal",0.4,2.05079147406401,"5"
"10","equal",0.5,1.60710752961564,"5"
"10","equal",0.6,1.20279609956648,"5"
"10","equal",0.7,0.853267122833161,"5"
"10","equal",0.8,0.537738040838938,"5"
"10","equal",0.9,0.287706300927745,"5"
"10","equal",1,0.0817492091062189,"5"
"10","proportions",-1,1.00794804868627,"1"
"10","proportions",-0.9,1.00377193283745,"1"
"10","proportions",-0.8,1.00162285404547,"1"
"10","proportions",-0.7,0.999846450108343,"1"
"10","proportions",-0.6,0.9982810115759,"1"
"10","proportions",-0.5,0.996863485804581,"1"
"10","proportions",-0.4,0.99556183095972,"1"
"10","proportions",-0.3,0.994357624873007,"1"
"10","proportions",-0.2,0.993239692607914,"1"
"10","proportions",-0.1,0.992201305131378,"1"
"10","proportions",0,0.991238836338423,"1"
"10","proportions",0.1,0.990351138747425,"1"
"10","proportions",0.2,0.989539359840007,"1"
"10","proportions",0.3,0.988807125721146,"1"
"10","proportions",0.4,0.988161165423905,"1"
"10","proportions",0.5,0.987612653884813,"1"
"10","proportions",0.6,0.987180013272178,"1"
"10","proportions",0.7,0.986895285420667,"1"
"10","proportions",0.8,0.98682152297384,"1"
"10","proportions",0.9,0.987120435381862,"1"
"10","proportions",1,0.989446384846733,"1"
"10","proportions",-1,0.369159984707737,"2"
"10","proportions",-0.9,0.496936041119851,"2"
"10","proportions",-0.8,0.616641236316844,"2"
"10","proportions",-0.7,0.740526656787744,"2"
"10","proportions",-0.6,0.863326827178501,"2"
"10","proportions",-0.5,0.988498592515597,"2"
"10","proportions",-0.4,1.12896233396256,"2"
"10","proportions",-0.3,1.25371503917518,"2"
"10","proportions",-0.2,1.39319584662239,"2"
"10","proportions",-0.1,1.51868105073908,"2"
"10","proportions",0,1.63408230223836,"2"
"10","proportions",0.1,1.50662808378224,"2"
"10","proportions",0.2,1.38996238866802,"2"
"10","proportions",0.3,1.25932435708127,"2"
"10","proportions",0.4,1.13517877426872,"2"
"10","proportions",0.5,1.01111663923941,"2"
"10","proportions",0.6,0.886827100634843,"2"
"10","proportions",0.7,0.765663968192376,"2"
"10","proportions",0.8,0.624999379605016,"2"
"10","proportions",0.9,0.493309899524293,"2"
"10","proportions",1,0.358271375468973,"2"
"10","proportions",-1,0.195232695661653,"3"
"10","proportions",-0.9,0.34732670358336,"3"
"10","proportions",-0.8,0.496474292596696,"3"
"10","proportions",-0.7,0.633997516932746,"3"
"10","proportions",-0.6,0.761145941712929,"3"
"10","proportions",-0.5,0.867683901172429,"3"
"10","proportions",-0.4,0.949311673465328,"3"
"10","proportions",-0.3,0.999361429505295,"3"
"10","proportions",-0.2,0.998159422091799,"3"
"10","proportions",-0.1,0.992417096397241,"3"
"10","proportions",0,0.99125770665048,"3"
"10","proportions",0.1,0.990199348493536,"3"
"10","proportions",0.2,0.995251326722364,"3"
"10","proportions",0.3,1.00551566101899,"3"
"10","proportions",0.4,0.978498396839168,"3"
"10","proportions",0.5,0.905789387237035,"3"
"10","proportions",0.6,0.787513410975745,"3"
"10","proportions",0.7,0.653792033001579,"3"
"10","proportions",0.8,0.506778008273448,"3"
"10","proportions",0.9,0.355122916803161,"3"
"10","proportions",1,0.197279578302269,"3"
"10","proportions",-1,0.121587805179753,"4"
"10","proportions",-0.9,0.286333163559152,"4"
"10","proportions",-0.8,0.441261152154962,"4"
"10","proportions",-0.7,0.592104811040707,"4"
"10","proportions",-0.6,0.719485527362917,"4"
"10","proportions",-0.5,0.832897307976303,"4"
"10","proportions",-0.4,0.919080145823791,"4"
"10","proportions",-0.3,0.987568419741013,"4"
"10","proportions",-0.2,1.06368364176471,"4"
"10","proportions",-0.1,1.12757986108835,"4"
"10","proportions",0,1.20026039718047,"4"
"10","proportions",0.1,1.13094935972003,"4"
"10","proportions",0.2,1.05503168147812,"4"
"10","proportions",0.3,0.997787275808531,"4"
"10","proportions",0.4,0.927003792055077,"4"
"10","proportions",0.5,0.841772390930223,"4"
"10","proportions",0.6,0.730428356526861,"4"
"10","proportions",0.7,0.607082045651096,"4"
"10","proportions",0.8,0.452926872080829,"4"
"10","proportions",0.9,0.289233285125554,"4"
"10","proportions",1,0.12221450764208,"4"
"10","proportions",-1,0.0818250322761779,"5"
"10","proportions",-0.9,0.255802239687375,"5"
"10","proportions",-0.8,0.42458990486503,"5"
"10","proportions",-0.7,0.571823778163894,"5"
"10","proportions",-0.6,0.709035637801894,"5"
"10","proportions",-0.5,0.813873586426396,"5"
"10","proportions",-0.4,0.899968182317887,"5"
"10","proportions",-0.3,0.965484887791327,"5"
"10","proportions",-0.2,0.999856260125819,"5"
"10","proportions",-0.1,0.999853325147269,"5"
"10","proportions",0,0.991332906910023,"5"
"10","proportions",0.1,0.991606664500686,"5"
"10","proportions",0.2,1.01255890785492,"5"
"10","proportions",0.3,0.988138097870015,"5"
"10","proportions",0.4,0.918982466800693,"5"
"10","proportions",0.5,0.829691755042869,"5"
"10","proportions",0.6,0.717592436908812,"5"
"10","proportions",0.7,0.580479414604748,"5"
"10","proportions",0.8,0.428647590104196,"5"
"10","proportions",0.9,0.262002861993271,"5"
"10","proportions",1,0.0833568241425793,"5"
